Asset ID,Lab,Asset Category,Asset Status,Purchase Year,Purchase Cost,Usage Frequency,Breakdown Frequency,Total Maintenance Cost,Useful Life (Years),Scrap Value
LAB14-PC1,LAB 14,Keyboard (Brand-HP),Y,2023,29489,High,3,6045,5,2948
LAB10-PC1,LAB 10,Keyboard (Brand-HP),N,2018,31415,High,5,14140,5,3141
LAB12-PC1,LAB 12,Keyboard (Brand-HP),N,2018,30212,High,4,10524,5,3021
LAB15-PC1,LAB 15,Monitor (Brand-HP),Y,2023,32724,High,2,7782,7,3272
LAB15-PC2,LAB 15,Monitor (Brand-HP),N,2018,34230,Medium,4,10388,7,3423
LAB12-PC2,LAB 12,Monitor (Brand-HP),N,2018,30048,High,4,7520,7,3004
LAB12-PC3,LAB 12,Keyboard (Brand-HP),N,2018,31154,High,4,14740,5,3115
LAB12-PC4,LAB 12,Keyboard (Brand-HP),Y,2023,34557,Medium,1,3645,5,3455
LAB14-PC2,LAB 14,Monitor (Brand-HP),N,2018,32039,Low,4,13372,7,3203
LAB16-PC1,LAB 16,Monitor (Brand-HP),N,2022,27374,High,6,12396,7,2737
LAB16-PC2,LAB 16,Keyboard (Brand-HP),N,2020,33049,Medium,3,5955,5,3304
LAB14-PC3,LAB 14,Keyboard (Brand-HP),N,2019,33828,High,4,6608,5,3382
LAB15-PC3,LAB 15,Keyboard (Brand-HP),N,2018,27344,High,2,2088,5,2734
LAB16-PC3,LAB 16,Keyboard (Brand-HP),Y,2021,30168,Low,0,0,5,3016
LAB14-PC4,LAB 14,Keyboard (Brand-HP),Y,2021,31002,Low,0,0,5,3100
LAB10-PC2,LAB 10,Monitor (Brand-HP),N,2018,32561,Medium,7,21476,7,3256
LAB16-PC4,LAB 16,Keyboard (Brand-HP),N,2020,27078,Medium,4,15872,5,2707
LAB13-PC1,LAB 13,Monitor (Brand-HP),N,2023,27212,Medium,6,16446,7,2721
LAB16-PC5,LAB 16,Monitor (Brand-HP),Y,2023,29855,Medium,5,5280,7,2985
LAB13-PC2,LAB 13,Monitor (Brand-HP),Y,2019,27076,Medium,1,1105,7,2707
LAB15-PC4,LAB 15,Keyboard (Brand-HP),Y,2022,27559,High,2,2994,5,2755
LAB14-PC5,LAB 14,Monitor (Brand-HP),N,2022,32731,High,6,12240,7,3273
LAB14-PC6,LAB 14,Monitor (Brand-HP),Y,2021,27007,Medium,4,13264,7,2700
LAB16-PC6,LAB 16,Keyboard (Brand-HP),Y,2023,29265,High,4,7260,5,2926
LAB12-PC5,LAB 12,Keyboard (Brand-HP),N,2019,27332,High,4,7624,5,2733
LAB16-PC7,LAB 16,Monitor (Brand-HP),Y,2023,33881,High,1,2286,7,3388
LAB14-PC7,LAB 14,Keyboard (Brand-HP),N,2019,31120,Medium,3,8061,5,3112
LAB10-PC3,LAB 10,Keyboard (Brand-HP),Y,2023,28218,High,5,12270,5,2821
LAB10-PC4,LAB 10,Monitor (Brand-HP),Y,2022,29015,Medium,1,3044,7,2901
LAB10-PC5,LAB 10,Keyboard (Brand-HP),N,2020,33337,Medium,5,13445,5,3333
LAB16-PC8,LAB 16,Monitor (Brand-HP),Y,2023,29630,Medium,4,8668,7,2963
LAB13-PC3,LAB 13,Keyboard (Brand-HP),N,2020,33226,Medium,4,6948,5,3322
LAB15-PC5,LAB 15,Keyboard (Brand-HP),Y,2022,33589,Medium,2,7766,5,3358
LAB10-PC6,LAB 10,Monitor (Brand-HP),N,2018,29062,Medium,7,9121,7,2906
LAB12-PC6,LAB 12,Keyboard (Brand-HP),Y,2022,33601,Medium,2,7722,5,3360
LAB16-PC9,LAB 16,Keyboard (Brand-HP),Y,2022,32081,High,2,2732,5,3208
LAB16-PC10,LAB 16,Keyboard (Brand-HP),Y,2021,30020,Low,1,2664,5,3002
LAB15-PC6,LAB 15,Keyboard (Brand-HP),Y,2022,33724,Medium,2,2448,5,3372
LAB15-PC7,LAB 15,Keyboard (Brand-HP),N,2022,28090,Low,6,15642,5,2809
LAB10-PC7,LAB 10,Keyboard (Brand-HP),Y,2022,29233,Low,5,18690,5,2923
LAB16-PC11,LAB 16,Monitor (Brand-HP),N,2018,31023,High,5,16290,7,3102
LAB14-PC8,LAB 14,Monitor (Brand-HP),Y,2023,32789,Medium,5,5085,7,3278
LAB15-PC8,LAB 15,Monitor (Brand-HP),Y,2022,30540,High,4,9916,7,3054
LAB16-PC12,LAB 16,Keyboard (Brand-HP),N,2022,28624,Low,7,15267,5,2862
LAB16-PC13,LAB 16,Keyboard (Brand-HP),Y,2022,30740,Medium,1,1702,5,3074
LAB15-PC9,LAB 15,Keyboard (Brand-HP),Y,2023,27881,Medium,3,9705,5,2788
LAB16-PC14,LAB 16,Keyboard (Brand-HP),N,2019,31604,High,3,3012,5,3160
LAB14-PC9,LAB 14,Monitor (Brand-HP),N,2018,31335,Low,4,14392,7,3133
LAB14-PC10,LAB 14,Monitor (Brand-HP),Y,2022,32690,Medium,3,11943,7,3269
LAB10-PC8,LAB 10,Monitor (Brand-HP),Y,2023,28863,High,2,5866,7,2886
LAB13-PC4,LAB 13,Monitor (Brand-HP),N,2022,31909,High,6,21468,7,3190
LAB16-PC15,LAB 16,Keyboard (Brand-HP),Y,2022,33473,High,4,5076,5,3347
LAB10-PC9,LAB 10,Monitor (Brand-HP),Y,2022,29843,Medium,3,4572,7,2984
LAB10-PC10,LAB 10,Monitor (Brand-HP),Y,2021,27981,Medium,2,3842,7,2798
LAB12-PC7,LAB 12,Keyboard (Brand-HP),Y,2022,30860,High,4,15152,5,3086
LAB14-PC11,LAB 14,Keyboard (Brand-HP),N,2019,34261,High,5,13400,5,3426
LAB13-PC5,LAB 13,Monitor (Brand-HP),Y,2019,29145,Medium,3,8595,7,2914
LAB15-PC10,LAB 15,Keyboard (Brand-HP),N,2022,29293,Low,7,20146,5,2929
LAB13-PC6,LAB 13,Keyboard (Brand-HP),N,2020,28471,Medium,5,12595,5,2847
LAB15-PC11,LAB 15,Keyboard (Brand-HP),N,2022,34387,Low,6,18882,5,3438
LAB12-PC8,LAB 12,Monitor (Brand-HP),N,2018,32390,Low,3,4218,7,3239
LAB12-PC9,LAB 12,Monitor (Brand-HP),Y,2022,30487,High,5,16145,7,3048
LAB12-PC10,LAB 12,Monitor (Brand-HP),Y,2021,29816,Medium,4,5628,7,2981
LAB10-PC11,LAB 10,Monitor (Brand-HP),Y,2023,29364,Medium,5,17025,7,2936
LAB12-PC11,LAB 12,Monitor (Brand-HP),N,2018,34421,Low,4,9520,7,3442
LAB16-PC16,LAB 16,Monitor (Brand-HP),N,2021,27256,Medium,6,13074,7,2725
LAB15-PC12,LAB 15,Keyboard (Brand-HP),Y,2023,33715,High,3,4899,5,3371
LAB14-PC12,LAB 14,Keyboard (Brand-HP),N,2019,31637,High,2,3798,5,3163
LAB10-PC12,LAB 10,Monitor (Brand-HP),N,2018,32058,Low,2,5772,7,3205
LAB12-PC12,LAB 12,Keyboard (Brand-HP),N,2022,32268,Low,7,18851,5,3226
LAB10-PC13,LAB 10,Keyboard (Brand-HP),N,2020,29457,Medium,3,10656,5,2945
LAB14-PC13,LAB 14,Monitor (Brand-HP),Y,2023,28579,High,3,11898,7,2857
LAB13-PC7,LAB 13,Keyboard (Brand-HP),Y,2023,29422,Medium,2,3972,5,2942
LAB12-PC13,LAB 12,Monitor (Brand-HP),Y,2019,33698,Medium,3,5031,7,3369
LAB10-PC14,LAB 10,Keyboard (Brand-HP),Y,2022,31468,High,4,4272,5,3146
LAB16-PC17,LAB 16,Monitor (Brand-HP),Y,2023,34154,High,1,3406,7,3415
LAB14-PC14,LAB 14,Keyboard (Brand-HP),N,2019,28170,Medium,3,6816,5,2817
LAB12-PC14,LAB 12,Monitor (Brand-HP),Y,2023,32206,Medium,4,5364,7,3220
LAB16-PC18,LAB 16,Monitor (Brand-HP),Y,2022,28752,Medium,2,4000,7,2875
LAB12-PC15,LAB 12,Keyboard (Brand-HP),N,2022,33300,Low,6,13464,5,3330
LAB10-PC15,LAB 10,Keyboard (Brand-HP),Y,2023,29786,High,5,15260,5,2978
LAB16-PC19,LAB 16,Keyboard (Brand-HP),N,2018,34824,High,4,12300,5,3482
LAB12-PC16,LAB 12,Keyboard (Brand-HP),Y,2022,34188,Medium,3,9969,5,3418
LAB13-PC8,LAB 13,Keyboard (Brand-HP),N,2018,27979,High,3,4461,5,2797
LAB16-PC20,LAB 16,Monitor (Brand-HP),Y,2020,29226,Medium,0,0,7,2922
LAB13-PC9,LAB 13,Monitor (Brand-HP),Y,2022,29650,Medium,2,2182,7,2965
LAB12-PC17,LAB 12,Keyboard (Brand-HP),N,2023,34787,High,7,27734,5,3478
LAB16-PC21,LAB 16,Monitor (Brand-HP),N,2018,32919,Medium,6,7926,7,3291
LAB15-PC13,LAB 15,Keyboard (Brand-HP),N,2020,28676,Medium,2,5688,5,2867
LAB13-PC10,LAB 13,Keyboard (Brand-HP),N,2018,31915,High,4,12944,5,3191
LAB14-PC15,LAB 14,Keyboard (Brand-HP),N,2018,32306,High,5,13170,5,3230
LAB10-PC16,LAB 10,Monitor (Brand-HP),Y,2023,34815,Medium,5,13895,7,3481
LAB13-PC11,LAB 13,Monitor (Brand-HP),Y,2023,32562,Medium,4,5372,7,3256
LAB15-PC14,LAB 15,Monitor (Brand-HP),Y,2021,34950,Medium,0,0,7,3495
LAB14-PC16,LAB 14,Keyboard (Brand-HP),N,2023,28783,High,6,16428,5,2878
LAB16-PC22,LAB 16,Keyboard (Brand-HP),N,2022,31728,Low,6,23358,5,3172
LAB14-PC17,LAB 14,Monitor (Brand-HP),Y,2023,31757,High,1,1235,7,3175
LAB10-PC17,LAB 10,Monitor (Brand-HP),Y,2020,34824,Medium,0,0,7,3482
LAB13-PC12,LAB 13,Monitor (Brand-HP),Y,2023,27632,High,3,7347,7,2763
LAB15-PC15,LAB 15,Monitor (Brand-HP),N,2022,34716,High,6,20916,7,3471
LAB15-PC16,LAB 15,Monitor (Brand-HP),N,2018,29384,High,4,9528,7,2938
LAB15-PC17,LAB 15,Keyboard (Brand-HP),Y,2022,31867,High,3,4674,5,3186
LAB13-PC13,LAB 13,Monitor (Brand-HP),Y,2022,32109,Medium,3,11877,7,3210
LAB10-PC18,LAB 10,Monitor (Brand-HP),N,2018,32911,Low,4,6632,7,3291
LAB15-PC18,LAB 15,Keyboard (Brand-HP),N,2019,27446,Medium,2,5266,5,2744
LAB14-PC18,LAB 14,Monitor (Brand-HP),Y,2019,28321,Medium,2,2746,7,2832
LAB14-PC19,LAB 14,Keyboard (Brand-HP),N,2023,32283,High,6,8382,5,3228
LAB12-PC18,LAB 12,Monitor (Brand-HP),N,2018,33549,Low,3,7620,7,3354
LAB13-PC14,LAB 13,Monitor (Brand-HP),Y,2021,33854,Medium,1,3347,7,3385
LAB15-PC19,LAB 15,Monitor (Brand-HP),Y,2020,28918,Medium,1,3754,7,2891
LAB12-PC19,LAB 12,Monitor (Brand-HP),Y,2021,33044,High,0,0,7,3304
LAB10-PC19,LAB 10,Keyboard (Brand-HP),Y,2023,34723,High,5,15755,5,3472
LAB12-PC20,LAB 12,Monitor (Brand-HP),Y,2019,31191,Medium,3,11598,7,3119
LAB12-PC21,LAB 12,Keyboard (Brand-HP),N,2022,28821,Low,6,7584,5,2882
LAB12-PC22,LAB 12,Keyboard (Brand-HP),N,2020,30274,Medium,3,9774,5,3027
LAB10-PC20,LAB 10,Keyboard (Brand-HP),Y,2021,32503,Low,0,0,5,3250
LAB10-PC21,LAB 10,Keyboard (Brand-HP),N,2022,33201,Low,6,13038,5,3320
LAB10-PC22,LAB 10,Monitor (Brand-HP),N,2023,33269,Medium,6,17676,7,3326
LAB10-PC23,LAB 10,Keyboard (Brand-HP),Y,2023,28665,High,3,10965,5,2866
LAB15-PC20,LAB 15,Keyboard (Brand-HP),N,2020,33474,Medium,6,19962,5,3347
LAB10-PC24,LAB 10,Keyboard (Brand-HP),N,2020,31446,Medium,3,7866,5,3144
LAB10-PC25,LAB 10,Keyboard (Brand-HP),N,2019,31597,Medium,3,5187,5,3159
LAB13-PC15,LAB 13,Monitor (Brand-HP),Y,2023,28895,High,1,2308,7,2889
LAB14-PC20,LAB 14,Monitor (Brand-HP),Y,2020,34577,Medium,0,0,7,3457
LAB15-PC21,LAB 15,Monitor (Brand-HP),N,2018,32485,Medium,6,12534,7,3248
LAB13-PC16,LAB 13,Keyboard (Brand-HP),N,2020,31917,Medium,2,5210,5,3191
LAB13-PC17,LAB 13,Keyboard (Brand-HP),N,2018,31247,High,2,5170,5,3124
LAB10-PC26,LAB 10,Keyboard (Brand-HP),Y,2022,27383,Medium,3,9309,5,2738
LAB15-PC22,LAB 15,Monitor (Brand-HP),N,2018,27026,Low,3,10938,7,2702
LAB10-PC27,LAB 10,Monitor (Brand-HP),Y,2019,34896,Medium,1,1929,7,3489
LAB10-PC28,LAB 10,Keyboard (Brand-HP),N,2020,31703,Medium,3,4104,5,3170
LAB13-PC18,LAB 13,Keyboard (Brand-HP),Y,2022,30733,Medium,4,10884,5,3073
LAB10-PC29,LAB 10,Keyboard (Brand-HP),Y,2022,28313,High,3,6126,5,2831
LAB13-PC19,LAB 13,Keyboard (Brand-HP),N,2020,28920,Medium,6,15918,5,2892
LAB10-PC30,LAB 10,Keyboard (Brand-HP),Y,2023,30745,High,2,2704,5,3074
LAB14-PC21,LAB 14,Monitor (Brand-HP),N,2018,32139,Medium,7,17199,7,3213
LAB12-PC23,LAB 12,Monitor (Brand-HP),Y,2023,28778,High,0,0,7,2877
LAB16-PC23,LAB 16,Monitor (Brand-HP),Y,2021,27599,Medium,4,4036,7,2759
LAB13-PC20,LAB 13,Keyboard (Brand-HP),Y,2022,28320,High,4,5860,5,2832
LAB10-PC31,LAB 10,Monitor (Brand-HP),Y,2022,30313,Medium,1,2027,7,3031
LAB15-PC23,LAB 15,Monitor (Brand-HP),N,2018,29252,High,3,7746,7,2925
LAB14-PC22,LAB 14,Monitor (Brand-HP),Y,2023,29363,High,1,3773,7,2936
LAB10-PC32,LAB 10,Monitor (Brand-HP),Y,2022,30908,High,5,5900,7,3090
LAB15-PC24,LAB 15,Keyboard (Brand-HP),Y,2023,34571,High,4,13956,5,3457
LAB15-PC25,LAB 15,Monitor (Brand-HP),Y,2023,31302,High,0,0,7,3130
LAB14-PC23,LAB 14,Keyboard (Brand-HP),N,2022,29290,Low,6,11124,5,2929
LAB16-PC24,LAB 16,Monitor (Brand-HP),Y,2019,34122,Medium,3,7788,7,3412
LAB16-PC25,LAB 16,Keyboard (Brand-HP),N,2018,28187,High,3,11709,5,2818
LAB12-PC24,LAB 12,Monitor (Brand-HP),Y,2021,34744,Medium,2,7192,7,3474
LAB16-PC26,LAB 16,Keyboard (Brand-HP),N,2018,29992,High,3,5847,5,2999
LAB12-PC25,LAB 12,Keyboard (Brand-HP),N,2018,31587,High,4,9152,5,3158
LAB15-PC26,LAB 15,Keyboard (Brand-HP),N,2018,30225,High,2,7394,5,3022
LAB16-PC27,LAB 16,Monitor (Brand-HP),Y,2023,27811,High,3,8511,7,2781
LAB12-PC26,LAB 12,Monitor (Brand-HP),N,2022,28288,High,7,14987,7,2828
LAB13-PC21,LAB 13,Monitor (Brand-HP),N,2018,28854,Low,1,1453,7,2885
LAB13-PC22,LAB 13,Monitor (Brand-HP),Y,2020,33026,Medium,1,1087,7,3302
LAB12-PC27,LAB 12,Monitor (Brand-HP),Y,2019,28292,Medium,1,2593,7,2829
LAB15-PC27,LAB 15,Monitor (Brand-HP),N,2018,29780,Low,4,14460,7,2978
LAB16-PC28,LAB 16,Monitor (Brand-HP),N,2021,30931,Medium,6,13668,7,3093
LAB15-PC28,LAB 15,Keyboard (Brand-HP),Y,2022,29726,Medium,3,8769,5,2972
LAB10-PC33,LAB 10,Keyboard (Brand-HP),N,2018,32532,High,3,3837,5,3253
LAB13-PC23,LAB 13,Monitor (Brand-HP),N,2018,32659,Low,5,14120,7,3265
LAB15-PC29,LAB 15,Keyboard (Brand-HP),N,2020,30262,Medium,4,8536,5,3026
LAB13-PC24,LAB 13,Monitor (Brand-HP),Y,2023,32673,Medium,5,17695,7,3267
LAB15-PC30,LAB 15,Keyboard (Brand-HP),Y,2022,27935,High,2,6928,5,2793
LAB10-PC34,LAB 10,Keyboard (Brand-HP),Y,2022,28896,Medium,3,11340,5,2889
LAB16-PC29,LAB 16,Monitor (Brand-HP),N,2023,27864,Medium,6,22500,7,2786
LAB15-PC31,LAB 15,Monitor (Brand-HP),N,2018,27868,Low,5,9435,7,2786
LAB13-PC25,LAB 13,Monitor (Brand-HP),Y,2021,33605,Medium,4,12264,7,3360
LAB16-PC30,LAB 16,Keyboard (Brand-HP),N,2023,27071,High,7,23849,5,2707
LAB10-PC35,LAB 10,Keyboard (Brand-HP),N,2019,29790,Medium,4,10780,5,2979
LAB15-PC32,LAB 15,Monitor (Brand-HP),Y,2022,33831,Medium,0,0,7,3383
LAB15-PC33,LAB 15,Monitor (Brand-HP),Y,2023,32525,High,0,0,7,3252
LAB13-PC26,LAB 13,Monitor (Brand-HP),Y,2021,34953,Medium,0,0,7,3495
LAB14-PC24,LAB 14,Monitor (Brand-HP),N,2022,29839,High,6,7020,7,2983
LAB13-PC27,LAB 13,Monitor (Brand-HP),Y,2021,34572,High,1,2124,7,3457
LAB13-PC28,LAB 13,Keyboard (Brand-HP),N,2019,30593,Medium,2,3736,5,3059
LAB14-PC25,LAB 14,Monitor (Brand-HP),Y,2021,28289,Medium,5,10665,7,2828
LAB13-PC29,LAB 13,Keyboard (Brand-HP),Y,2023,34761,High,4,11952,5,3476
LAB13-PC30,LAB 13,Keyboard (Brand-HP),Y,2022,32753,High,1,2345,5,3275
LAB12-PC28,LAB 12,Keyboard (Brand-HP),N,2018,34074,High,4,12384,5,3407
LAB15-PC34,LAB 15,Keyboard (Brand-HP),N,2020,34454,Medium,3,10293,5,3445
LAB12-PC29,LAB 12,Monitor (Brand-HP),Y,2022,33330,Medium,1,3334,7,3333
LAB15-PC35,LAB 15,Keyboard (Brand-HP),N,2019,33807,High,2,7368,5,3380
LAB13-PC31,LAB 13,Keyboard (Brand-HP),N,2019,32108,High,4,8244,5,3210
LAB16-PC31,LAB 16,Monitor (Brand-HP),Y,2019,30990,Medium,3,3564,7,3099
LAB12-PC30,LAB 12,Keyboard (Brand-HP),N,2020,31432,Medium,3,5793,5,3143
LAB16-PC32,LAB 16,Keyboard (Brand-HP),N,2023,28427,High,6,15552,5,2842
LAB12-PC31,LAB 12,Keyboard (Brand-HP),Y,2021,30641,Low,2,7708,5,3064
LAB13-PC32,LAB 13,Monitor (Brand-HP),N,2018,28293,Low,4,14988,7,2829
LAB12-PC32,LAB 12,Monitor (Brand-HP),Y,2021,30206,Medium,4,12320,7,3020
LAB14-PC26,LAB 14,Monitor (Brand-HP),N,2021,27786,Medium,6,7380,7,2778
LAB13-PC33,LAB 13,Keyboard (Brand-HP),Y,2021,29193,Low,1,3728,5,2919
LAB15-PC36,LAB 15,Monitor (Brand-HP),N,2018,31266,High,4,8260,7,3126
LAB14-PC27,LAB 14,Monitor (Brand-HP),N,2018,28814,High,3,5814,7,2881
LAB12-PC33,LAB 12,Monitor (Brand-HP),Y,2021,33261,Medium,1,3188,7,3326
LAB12-PC34,LAB 12,Keyboard (Brand-HP),Y,2022,31448,Medium,2,4942,5,3144
LAB12-PC35,LAB 12,Keyboard (Brand-HP),N,2019,33003,High,4,14888,5,3300
LAB10-PC36,LAB 10,Keyboard (Brand-HP),N,2019,33033,High,4,12092,5,3303
LAB16-PC33,LAB 16,Monitor (Brand-HP),N,2018,29488,Low,4,11508,7,2948
LAB16-PC34,LAB 16,Monitor (Brand-HP),Y,2021,28758,High,1,2178,7,2875
LAB16-PC35,LAB 16,Monitor (Brand-HP),Y,2019,28963,Medium,2,5294,7,2896
LAB15-PC37,LAB 15,Keyboard (Brand-HP),Y,2023,32004,High,2,4358,5,3200
LAB15-PC38,LAB 15,Monitor (Brand-HP),Y,2020,30248,Medium,1,1509,7,3024
LAB12-PC36,LAB 12,Keyboard (Brand-HP),N,2023,33156,High,7,17213,5,3315
LAB13-PC34,LAB 13,Monitor (Brand-HP),N,2018,32356,High,2,6372,7,3235
LAB15-PC39,LAB 15,Monitor (Brand-HP),Y,2021,28426,Medium,4,13424,7,2842
LAB12-PC37,LAB 12,Monitor (Brand-HP),N,2018,32678,High,2,7824,7,3267
LAB15-PC40,LAB 15,Monitor (Brand-HP),Y,2021,29805,Medium,2,5898,7,2980
LAB15-PC41,LAB 15,Monitor (Brand-HP),Y,2019,30306,Medium,1,2636,7,3030
LAB10-PC37,LAB 10,Monitor (Brand-HP),Y,2022,28540,Medium,3,7713,7,2854
LAB15-PC42,LAB 15,Monitor (Brand-HP),Y,2021,29338,Medium,4,14744,7,2933
LAB10-PC38,LAB 10,Monitor (Brand-HP),Y,2023,32872,High,3,10461,7,3287
LAB15-PC43,LAB 15,Keyboard (Brand-HP),N,2020,33988,Medium,3,8751,5,3398
LAB13-PC35,LAB 13,Monitor (Brand-HP),Y,2022,31101,Medium,1,1602,7,3110
LAB15-PC44,LAB 15,Monitor (Brand-HP),N,2018,34335,Low,4,10896,7,3433
LAB14-PC28,LAB 14,Keyboard (Brand-HP),N,2018,31620,High,2,2730,5,3162
LAB14-PC29,LAB 14,Monitor (Brand-HP),Y,2023,27731,High,1,3007,7,2773
LAB12-PC38,LAB 12,Monitor (Brand-HP),N,2018,33087,High,5,13920,7,3308
LAB13-PC36,LAB 13,Keyboard (Brand-HP),Y,2022,31524,Medium,2,6428,5,3152
LAB13-PC37,LAB 13,Monitor (Brand-HP),Y,2021,32434,High,2,4240,7,3243
LAB15-PC45,LAB 15,Keyboard (Brand-HP),Y,2022,31058,High,5,9575,5,3105
LAB15-PC46,LAB 15,Monitor (Brand-HP),N,2023,28163,Medium,6,15948,7,2816
LAB14-PC30,LAB 14,Keyboard (Brand-HP),Y,2021,30847,Low,1,2438,5,3084
LAB14-PC31,LAB 14,Monitor (Brand-HP),Y,2023,33256,High,2,4950,7,3325
LAB15-PC47,LAB 15,Monitor (Brand-HP),Y,2021,28580,Medium,3,8211,7,2858
LAB10-PC39,LAB 10,Keyboard (Brand-HP),N,2022,29463,Low,6,20772,5,2946
LAB13-PC38,LAB 13,Keyboard (Brand-HP),N,2018,28281,High,6,15450,5,2828
LAB10-PC40,LAB 10,Monitor (Brand-HP),Y,2021,31006,High,2,6216,7,3100
LAB10-PC41,LAB 10,Keyboard (Brand-HP),N,2023,28170,High,6,7902,5,2817
LAB12-PC39,LAB 12,Keyboard (Brand-HP),Y,2023,31597,Medium,3,4620,5,3159
LAB15-PC48,LAB 15,Keyboard (Brand-HP),N,2020,34829,Medium,3,8922,5,3482
LAB13-PC39,LAB 13,Monitor (Brand-HP),N,2018,33397,Low,5,8660,7,3339
LAB12-PC40,LAB 12,Monitor (Brand-HP),N,2018,29166,High,4,6656,7,2916
LAB12-PC41,LAB 12,Keyboard (Brand-HP),N,2023,30450,High,7,20251,5,3045
LAB15-PC49,LAB 15,Monitor (Brand-HP),Y,2023,32265,High,2,6352,7,3226
LAB13-PC40,LAB 13,Monitor (Brand-HP),Y,2023,28470,Medium,4,13736,7,2847
LAB10-PC42,LAB 10,Monitor (Brand-HP),N,2018,34046,Medium,6,8400,7,3404
LAB12-PC42,LAB 12,Keyboard (Brand-HP),N,2022,33023,Low,6,16506,5,3302
LAB10-PC43,LAB 10,Monitor (Brand-HP),Y,2023,32097,Medium,3,10146,7,3209
LAB15-PC50,LAB 15,Monitor (Brand-HP),N,2018,30301,Medium,6,12666,7,3030
LAB15-PC51,LAB 15,Keyboard (Brand-HP),N,2018,30609,High,4,11332,5,3060
LAB16-PC36,LAB 16,Keyboard (Brand-HP),Y,2022,33236,High,3,10092,5,3323
LAB14-PC32,LAB 14,Monitor (Brand-HP),Y,2023,34416,High,1,2751,7,3441
LAB12-PC43,LAB 12,Monitor (Brand-HP),N,2022,28811,High,7,16254,7,2881
LAB16-PC37,LAB 16,Keyboard (Brand-HP),Y,2022,28946,Low,5,17575,5,2894
LAB14-PC33,LAB 14,Keyboard (Brand-HP),Y,2022,33341,High,3,10398,5,3334
LAB15-PC52,LAB 15,Keyboard (Brand-HP),N,2023,27009,High,6,9462,5,2700
LAB16-PC38,LAB 16,Monitor (Brand-HP),Y,2022,29087,Medium,1,2391,7,2908
LAB14-PC34,LAB 14,Monitor (Brand-HP),Y,2019,27623,Medium,1,3662,7,2762
LAB14-PC35,LAB 14,Keyboard (Brand-HP),N,2022,30648,Low,8,29080,5,3064
LAB13-PC41,LAB 13,Monitor (Brand-HP),Y,2020,30704,Medium,1,3785,7,3070
LAB16-PC39,LAB 16,Monitor (Brand-HP),N,2018,33438,Low,3,6579,7,3343
LAB13-PC42,LAB 13,Keyboard (Brand-HP),N,2023,33441,High,7,16877,5,3344
LAB13-PC43,LAB 13,Keyboard (Brand-HP),N,2022,33724,Low,6,6660,5,3372
LAB15-PC53,LAB 15,Monitor (Brand-HP),Y,2019,30819,Medium,0,0,7,3081
LAB15-PC54,LAB 15,Monitor (Brand-HP),Y,2021,34773,High,1,2178,7,3477
LAB10-PC44,LAB 10,Keyboard (Brand-HP),N,2019,34588,High,3,6174,5,3458
LAB13-PC44,LAB 13,Monitor (Brand-HP),N,2018,31971,Low,5,18530,7,3197
LAB15-PC55,LAB 15,Monitor (Brand-HP),Y,2020,30601,Medium,0,0,7,3060
LAB15-PC56,LAB 15,Monitor (Brand-HP),Y,2020,28747,Medium,1,3835,7,2874
LAB15-PC57,LAB 15,Monitor (Brand-HP),Y,2021,33098,Medium,3,10620,7,3309
LAB12-PC44,LAB 12,Monitor (Brand-HP),Y,2023,30271,High,1,2399,7,3027
LAB16-PC40,LAB 16,Keyboard (Brand-HP),Y,2023,34674,High,4,14264,5,3467
LAB16-PC41,LAB 16,Keyboard (Brand-HP),N,2019,27194,Medium,3,3243,5,2719
LAB12-PC45,LAB 12,Keyboard (Brand-HP),Y,2021,28495,Low,0,0,5,2849
LAB12-PC46,LAB 12,Keyboard (Brand-HP),N,2020,31722,Medium,5,14325,5,3172
LAB13-PC45,LAB 13,Monitor (Brand-HP),N,2018,33381,High,3,8952,7,3338
LAB16-PC42,LAB 16,Monitor (Brand-HP),N,2018,34710,Medium,8,17648,7,3471
LAB14-PC36,LAB 14,Keyboard (Brand-HP),Y,2023,30320,Medium,1,3701,5,3032
LAB12-PC47,LAB 12,Monitor (Brand-HP),Y,2023,29397,High,1,3136,7,2939
LAB13-PC46,LAB 13,Monitor (Brand-HP),Y,2020,28652,Medium,0,0,7,2865
LAB15-PC58,LAB 15,Monitor (Brand-HP),N,2018,31285,High,3,4368,7,3128
LAB15-PC59,LAB 15,Monitor (Brand-HP),Y,2021,30495,High,2,6738,7,3049
LAB16-PC43,LAB 16,Keyboard (Brand-HP),Y,2023,33332,Medium,1,1452,5,3333
LAB13-PC47,LAB 13,Keyboard (Brand-HP),Y,2023,30033,High,4,12808,5,3003
LAB13-PC48,LAB 13,Keyboard (Brand-HP),N,2023,31760,High,6,22500,5,3176
LAB15-PC60,LAB 15,Monitor (Brand-HP),Y,2023,27817,High,2,7300,7,2781
LAB13-PC49,LAB 13,Keyboard (Brand-HP),N,2023,27011,High,7,26257,5,2701
LAB16-PC44,LAB 16,Monitor (Brand-HP),Y,2022,29738,High,5,16055,7,2973
LAB14-PC37,LAB 14,Monitor (Brand-HP),N,2018,27102,High,5,7070,7,2710
LAB13-PC50,LAB 13,Monitor (Brand-HP),Y,2023,31201,Medium,5,17385,7,3120
LAB14-PC38,LAB 14,Keyboard (Brand-HP),N,2020,31634,Medium,3,7095,5,3163
LAB15-PC61,LAB 15,Keyboard (Brand-HP),Y,2023,27288,Medium,2,2242,5,2728
LAB10-PC45,LAB 10,Keyboard (Brand-HP),Y,2023,27146,High,2,7506,5,2714
LAB16-PC45,LAB 16,Keyboard (Brand-HP),N,2023,29270,High,7,7672,5,2927
LAB12-PC48,LAB 12,Keyboard (Brand-HP),N,2023,33367,High,8,14848,5,3336
LAB12-PC49,LAB 12,Keyboard (Brand-HP),Y,2023,29179,High,5,8500,5,2917
LAB12-PC50,LAB 12,Monitor (Brand-HP),Y,2021,32645,High,0,0,7,3264
LAB12-PC51,LAB 12,Monitor (Brand-HP),N,2018,34347,Medium,6,11898,7,3434
LAB13-PC51,LAB 13,Keyboard (Brand-HP),N,2020,32931,Medium,3,4878,5,3293
LAB10-PC46,LAB 10,Keyboard (Brand-HP),N,2020,28624,Medium,5,14905,5,2862
LAB13-PC52,LAB 13,Monitor (Brand-HP),Y,2019,30923,Medium,1,3658,7,3092
LAB13-PC53,LAB 13,Monitor (Brand-HP),N,2018,32964,High,4,12568,7,3296
LAB10-PC47,LAB 10,Monitor (Brand-HP),Y,2022,29725,Medium,0,0,7,2972
LAB14-PC39,LAB 14,Keyboard (Brand-HP),N,2020,27503,Medium,2,2416,5,2750
LAB10-PC48,LAB 10,Monitor (Brand-HP),Y,2023,27773,Medium,4,15548,7,2777
LAB13-PC54,LAB 13,Monitor (Brand-HP),N,2018,28909,High,2,7432,7,2890
LAB16-PC46,LAB 16,Keyboard (Brand-HP),N,2019,34234,High,3,11370,5,3423
LAB16-PC47,LAB 16,Keyboard (Brand-HP),N,2020,29440,Medium,4,6688,5,2944
LAB13-PC55,LAB 13,Keyboard (Brand-HP),N,2020,32087,Medium,3,10548,5,3208
LAB16-PC48,LAB 16,Keyboard (Brand-HP),N,2023,31197,High,7,20314,5,3119
LAB15-PC62,LAB 15,Monitor (Brand-HP),N,2022,28383,High,7,26110,7,2838
LAB15-PC63,LAB 15,Monitor (Brand-HP),N,2018,29818,Medium,6,10536,7,2981
LAB15-PC64,LAB 15,Keyboard (Brand-HP),Y,2023,29037,High,4,11092,5,2903
LAB12-PC52,LAB 12,Keyboard (Brand-HP),N,2019,33016,High,3,10971,5,3301
LAB14-PC40,LAB 14,Keyboard (Brand-HP),N,2020,30920,Medium,4,10492,5,3092
LAB13-PC56,LAB 13,Keyboard (Brand-HP),N,2019,29322,High,4,13020,5,2932
LAB13-PC57,LAB 13,Monitor (Brand-HP),Y,2022,33681,Medium,2,5432,7,3368
LAB16-PC49,LAB 16,Monitor (Brand-HP),N,2018,30286,Low,1,2888,7,3028
LAB12-PC53,LAB 12,Keyboard (Brand-HP),Y,2023,30097,Medium,2,4134,5,3009
LAB10-PC49,LAB 10,Keyboard (Brand-HP),N,2022,33736,Low,7,10255,5,3373
LAB16-PC50,LAB 16,Keyboard (Brand-HP),N,2020,33137,Medium,7,11851,5,3313
LAB13-PC58,LAB 13,Keyboard (Brand-HP),Y,2022,32482,Medium,0,0,5,3248
LAB10-PC50,LAB 10,Keyboard (Brand-HP),N,2018,31240,High,5,9235,5,3124
LAB15-PC65,LAB 15,Keyboard (Brand-HP),N,2020,29317,Medium,5,11340,5,2931
LAB16-PC51,LAB 16,Monitor (Brand-HP),Y,2021,32204,Medium,0,0,7,3220
LAB15-PC66,LAB 15,Monitor (Brand-HP),N,2018,27283,High,2,4242,7,2728
LAB14-PC41,LAB 14,Monitor (Brand-HP),N,2018,31409,High,3,11157,7,3140
LAB14-PC42,LAB 14,Keyboard (Brand-HP),N,2023,29136,High,7,26579,5,2913
LAB10-PC51,LAB 10,Monitor (Brand-HP),Y,2021,30681,High,2,3980,7,3068
LAB12-PC54,LAB 12,Monitor (Brand-HP),Y,2021,31047,Medium,4,10004,7,3104
LAB14-PC43,LAB 14,Keyboard (Brand-HP),Y,2022,31804,Medium,0,0,5,3180
LAB14-PC44,LAB 14,Keyboard (Brand-HP),N,2020,28030,Medium,3,5610,5,2803
LAB12-PC55,LAB 12,Monitor (Brand-HP),Y,2020,33934,Medium,0,0,7,3393
LAB15-PC67,LAB 15,Keyboard (Brand-HP),N,2022,29887,Low,6,11082,5,2988
LAB12-PC56,LAB 12,Monitor (Brand-HP),N,2018,28349,High,1,1390,7,2834
LAB15-PC68,LAB 15,Keyboard (Brand-HP),Y,2021,27557,Low,0,0,5,2755
LAB12-PC57,LAB 12,Monitor (Brand-HP),Y,2022,33114,Medium,1,3661,7,3311
LAB13-PC59,LAB 13,Keyboard (Brand-HP),Y,2023,33428,High,5,10360,5,3342
LAB15-PC69,LAB 15,Monitor (Brand-HP),N,2018,30433,High,4,9724,7,3043
LAB14-PC45,LAB 14,Keyboard (Brand-HP),N,2022,32377,Low,7,14749,5,3237
LAB12-PC58,LAB 12,Keyboard (Brand-HP),N,2022,31968,Low,6,22938,5,3196
LAB10-PC52,LAB 10,Keyboard (Brand-HP),Y,2023,31097,High,3,3876,5,3109
LAB12-PC59,LAB 12,Keyboard (Brand-HP),N,2022,32426,Low,6,11700,5,3242
LAB13-PC60,LAB 13,Monitor (Brand-HP),Y,2019,33453,Medium,2,5302,7,3345
LAB16-PC52,LAB 16,Keyboard (Brand-HP),Y,2023,30348,High,3,6537,5,3034
LAB13-PC61,LAB 13,Keyboard (Brand-HP),N,2018,32934,High,3,4419,5,3293
LAB16-PC53,LAB 16,Monitor (Brand-HP),Y,2021,34626,Medium,2,2998,7,3462
LAB13-PC62,LAB 13,Keyboard (Brand-HP),Y,2022,28937,Medium,0,0,5,2893
LAB10-PC53,LAB 10,Monitor (Brand-HP),N,2023,30259,Medium,6,23622,7,3025
LAB10-PC54,LAB 10,Keyboard (Brand-HP),Y,2021,28249,Low,0,0,5,2824
LAB16-PC54,LAB 16,Monitor (Brand-HP),Y,2020,34576,Medium,1,3587,7,3457
LAB16-PC55,LAB 16,Monitor (Brand-HP),Y,2023,32073,High,1,1618,7,3207
LAB13-PC63,LAB 13,Monitor (Brand-HP),N,2018,34344,Medium,7,14287,7,3434
LAB13-PC64,LAB 13,Keyboard (Brand-HP),N,2020,32943,Medium,1,1761,5,3294
LAB16-PC56,LAB 16,Monitor (Brand-HP),Y,2019,33313,Medium,0,0,7,3331
LAB13-PC65,LAB 13,Keyboard (Brand-HP),Y,2022,31950,High,2,6766,5,3195
LAB15-PC70,LAB 15,Keyboard (Brand-HP),Y,2022,32104,High,3,10743,5,3210
LAB14-PC46,LAB 14,Keyboard (Brand-HP),Y,2023,34309,Medium,4,6176,5,3430
LAB15-PC71,LAB 15,Keyboard (Brand-HP),Y,2022,27930,High,3,9417,5,2793
LAB10-PC55,LAB 10,Monitor (Brand-HP),Y,2021,29346,Medium,3,7824,7,2934
LAB16-PC57,LAB 16,Monitor (Brand-HP),Y,2019,28291,Medium,0,0,7,2829
LAB14-PC47,LAB 14,Keyboard (Brand-HP),Y,2022,30762,Medium,3,9555,5,3076
LAB16-PC58,LAB 16,Monitor (Brand-HP),Y,2021,29762,Medium,3,4914,7,2976
LAB16-PC59,LAB 16,Keyboard (Brand-HP),N,2018,28734,High,2,2094,5,2873
LAB15-PC72,LAB 15,Keyboard (Brand-HP),N,2018,30253,High,4,11704,5,3025
LAB16-PC60,LAB 16,Monitor (Brand-HP),N,2018,33883,Medium,8,31176,7,3388
LAB10-PC56,LAB 10,Keyboard (Brand-HP),N,2018,32942,High,2,7450,5,3294
LAB13-PC66,LAB 13,Keyboard (Brand-HP),Y,2022,34634,Medium,3,8892,5,3463
LAB13-PC67,LAB 13,Monitor (Brand-HP),Y,2023,28605,High,1,2279,7,2860
LAB14-PC48,LAB 14,Keyboard (Brand-HP),N,2020,33723,Medium,6,23730,5,3372
LAB16-PC61,LAB 16,Keyboard (Brand-HP),N,2023,29460,High,6,10026,5,2946
LAB14-PC49,LAB 14,Monitor (Brand-HP),Y,2020,28850,Medium,2,7162,7,2885
LAB15-PC73,LAB 15,Keyboard (Brand-HP),N,2022,33755,Low,7,18179,5,3375
LAB13-PC68,LAB 13,Monitor (Brand-HP),N,2018,31462,High,3,8979,7,3146
LAB16-PC62,LAB 16,Monitor (Brand-HP),Y,2023,29046,Medium,5,12285,7,2904
LAB10-PC57,LAB 10,Monitor (Brand-HP),Y,2021,34069,Medium,5,6565,7,3406
LAB13-PC69,LAB 13,Keyboard (Brand-HP),N,2019,27751,High,1,2097,5,2775
LAB10-PC58,LAB 10,Keyboard (Brand-HP),N,2019,30905,High,2,7648,5,3090
LAB10-PC59,LAB 10,Monitor (Brand-HP),Y,2022,31133,High,5,18385,7,3113
LAB14-PC50,LAB 14,Monitor (Brand-HP),Y,2022,31440,Medium,1,3285,7,3144
LAB13-PC70,LAB 13,Keyboard (Brand-HP),Y,2023,32251,High,4,7764,5,3225
LAB13-PC71,LAB 13,Keyboard (Brand-HP),N,2020,31715,Medium,4,8360,5,3171
LAB10-PC60,LAB 10,Keyboard (Brand-HP),N,2019,29782,Medium,2,5476,5,2978
LAB14-PC51,LAB 14,Keyboard (Brand-HP),N,2018,32110,High,3,8427,5,3211
LAB10-PC61,LAB 10,Keyboard (Brand-HP),N,2020,29622,Medium,2,5030,5,2962
LAB10-PC62,LAB 10,Keyboard (Brand-HP),Y,2023,31987,High,4,13288,5,3198
LAB14-PC52,LAB 14,Monitor (Brand-HP),Y,2022,31512,High,5,18310,7,3151
LAB13-PC72,LAB 13,Keyboard (Brand-HP),N,2018,29613,High,3,11682,5,2961
LAB10-PC63,LAB 10,Monitor (Brand-HP),N,2018,34772,Low,5,10565,7,3477
LAB13-PC73,LAB 13,Keyboard (Brand-HP),N,2022,28688,Low,6,23514,5,2868
LAB13-PC74,LAB 13,Keyboard (Brand-HP),N,2022,29890,Low,6,23106,5,2989
LAB10-PC64,LAB 10,Monitor (Brand-HP),Y,2020,30128,Medium,0,0,7,3012
LAB12-PC60,LAB 12,Keyboard (Brand-HP),N,2020,33292,Medium,4,6656,5,3329
LAB12-PC61,LAB 12,Keyboard (Brand-HP),N,2022,29370,Low,6,19500,5,2937
LAB12-PC62,LAB 12,Monitor (Brand-HP),Y,2022,27847,Medium,3,9288,7,2784
LAB13-PC75,LAB 13,Keyboard (Brand-HP),Y,2023,27753,Medium,3,3633,5,2775
LAB14-PC53,LAB 14,Keyboard (Brand-HP),Y,2021,29039,Low,1,3789,5,2903
LAB13-PC76,LAB 13,Monitor (Brand-HP),Y,2022,27851,Medium,2,3192,7,2785
LAB12-PC63,LAB 12,Keyboard (Brand-HP),N,2018,34171,High,4,7996,5,3417
LAB10-PC65,LAB 10,Keyboard (Brand-HP),Y,2022,30979,High,4,13612,5,3097
LAB13-PC77,LAB 13,Keyboard (Brand-HP),N,2019,29491,Medium,3,10203,5,2949
LAB14-PC54,LAB 14,Monitor (Brand-HP),N,2018,29147,Low,3,10221,7,2914
LAB14-PC55,LAB 14,Monitor (Brand-HP),Y,2021,32257,Medium,4,12956,7,3225
LAB13-PC78,LAB 13,Keyboard (Brand-HP),N,2020,30520,Medium,4,13940,5,3052
LAB14-PC56,LAB 14,Monitor (Brand-HP),Y,2021,33571,High,0,0,7,3357
LAB15-PC74,LAB 15,Keyboard (Brand-HP),Y,2023,30548,High,4,15008,5,3054
LAB12-PC64,LAB 12,Monitor (Brand-HP),N,2018,28896,Medium,7,18536,7,2889
LAB15-PC75,LAB 15,Keyboard (Brand-HP),Y,2023,29233,High,4,11260,5,2923
LAB14-PC57,LAB 14,Keyboard (Brand-HP),N,2019,27874,Medium,2,3442,5,2787
LAB10-PC66,LAB 10,Monitor (Brand-HP),Y,2021,30199,Medium,4,8288,7,3019
LAB13-PC79,LAB 13,Monitor (Brand-HP),Y,2019,33260,Medium,0,0,7,3326
LAB12-PC65,LAB 12,Monitor (Brand-HP),Y,2022,32994,Medium,1,3483,7,3299
LAB16-PC63,LAB 16,Keyboard (Brand-HP),Y,2023,32834,Medium,3,3108,5,3283
LAB16-PC64,LAB 16,Keyboard (Brand-HP),N,2018,31820,High,3,6189,5,3182
LAB10-PC67,LAB 10,Monitor (Brand-HP),Y,2021,28331,Medium,5,10665,7,2833
LAB12-PC66,LAB 12,Monitor (Brand-HP),Y,2021,30415,Medium,2,4886,7,3041
LAB10-PC68,LAB 10,Monitor (Brand-HP),Y,2021,34773,High,3,6174,7,3477
LAB16-PC65,LAB 16,Keyboard (Brand-HP),Y,2021,31100,Low,0,0,5,3110
LAB12-PC67,LAB 12,Keyboard (Brand-HP),N,2019,27626,High,2,6828,5,2762
LAB16-PC66,LAB 16,Keyboard (Brand-HP),Y,2023,31762,High,4,9144,5,3176
LAB13-PC80,LAB 13,Keyboard (Brand-HP),Y,2022,31226,Medium,3,7920,5,3122
LAB10-PC69,LAB 10,Monitor (Brand-HP),N,2018,31703,Medium,6,18360,7,3170
LAB15-PC76,LAB 15,Monitor (Brand-HP),Y,2021,28182,High,1,3307,7,2818
LAB13-PC81,LAB 13,Monitor (Brand-HP),N,2022,33577,High,7,8435,7,3357
LAB15-PC77,LAB 15,Keyboard (Brand-HP),Y,2023,28654,High,3,9744,5,2865
LAB10-PC70,LAB 10,Monitor (Brand-HP),Y,2020,33531,Medium,1,2442,7,3353
LAB12-PC68,LAB 12,Monitor (Brand-HP),Y,2022,30231,Medium,1,1431,7,3023
LAB16-PC67,LAB 16,Monitor (Brand-HP),Y,2019,28199,Medium,0,0,7,2819
LAB13-PC82,LAB 13,Monitor (Brand-HP),Y,2022,34468,Medium,3,10614,7,3446
LAB15-PC78,LAB 15,Monitor (Brand-HP),Y,2021,29459,High,0,0,7,2945
LAB13-PC83,LAB 13,Monitor (Brand-HP),Y,2021,29158,Medium,1,1017,7,2915
LAB12-PC69,LAB 12,Keyboard (Brand-HP),N,2020,29096,Medium,6,20436,5,2909
LAB10-PC71,LAB 10,Keyboard (Brand-HP),N,2019,27172,High,4,11812,5,2717
LAB14-PC58,LAB 14,Keyboard (Brand-HP),N,2019,34753,Medium,4,11556,5,3475
LAB13-PC84,LAB 13,Keyboard (Brand-HP),Y,2022,29995,Medium,2,6424,5,2999
LAB13-PC85,LAB 13,Keyboard (Brand-HP),N,2020,30031,Medium,3,10431,5,3003
LAB13-PC86,LAB 13,Monitor (Brand-HP),N,2018,28059,Medium,4,4152,7,2805
LAB15-PC79,LAB 15,Monitor (Brand-HP),N,2018,29544,Low,3,10038,7,2954
LAB14-PC59,LAB 14,Monitor (Brand-HP),Y,2021,28065,Medium,2,3896,7,2806
LAB15-PC80,LAB 15,Monitor (Brand-HP),Y,2021,32845,High,0,0,7,3284
LAB13-PC87,LAB 13,Keyboard (Brand-HP),Y,2022,27829,High,2,5602,5,2782
LAB10-PC72,LAB 10,Monitor (Brand-HP),N,2018,33997,Medium,6,9228,7,3399
LAB14-PC60,LAB 14,Monitor (Brand-HP),Y,2023,28938,Medium,3,7377,7,2893
LAB12-PC70,LAB 12,Keyboard (Brand-HP),Y,2022,27331,Low,5,8875,5,2733
LAB10-PC73,LAB 10,Monitor (Brand-HP),N,2023,27740,Medium,6,12672,7,2774
LAB16-PC68,LAB 16,Monitor (Brand-HP),Y,2022,28365,Medium,3,4599,7,2836
LAB10-PC74,LAB 10,Keyboard (Brand-HP),Y,2022,31549,Medium,3,10590,5,3154
LAB15-PC81,LAB 15,Keyboard (Brand-HP),Y,2023,29660,Medium,2,5794,5,2966
LAB14-PC61,LAB 14,Keyboard (Brand-HP),Y,2023,28345,High,4,11580,5,2834
LAB13-PC88,LAB 13,Monitor (Brand-HP),N,2018,29149,High,1,3828,7,2914
LAB15-PC82,LAB 15,Monitor (Brand-HP),N,2018,29741,High,3,11379,7,2974
LAB10-PC75,LAB 10,Keyboard (Brand-HP),N,2018,33274,High,4,5884,5,3327
LAB13-PC89,LAB 13,Monitor (Brand-HP),Y,2021,27495,High,1,1116,7,2749
LAB10-PC76,LAB 10,Keyboard (Brand-HP),N,2020,28648,Medium,5,12845,5,2864
LAB15-PC83,LAB 15,Keyboard (Brand-HP),N,2018,29258,High,6,15162,5,2925
LAB15-PC84,LAB 15,Monitor (Brand-HP),N,2018,31359,Medium,7,14035,7,3135
LAB14-PC62,LAB 14,Monitor (Brand-HP),N,2018,27693,Low,4,6296,7,2769
LAB12-PC71,LAB 12,Monitor (Brand-HP),Y,2022,29779,Medium,2,2756,7,2977
LAB10-PC77,LAB 10,Keyboard (Brand-HP),N,2019,32617,Medium,2,6440,5,3261
LAB12-PC72,LAB 12,Monitor (Brand-HP),Y,2023,34655,Medium,3,11595,7,3465
LAB13-PC90,LAB 13,Keyboard (Brand-HP),N,2022,28702,Low,7,19411,5,2870
LAB10-PC78,LAB 10,Keyboard (Brand-HP),Y,2022,34753,Medium,2,2116,5,3475
LAB15-PC85,LAB 15,Monitor (Brand-HP),Y,2021,29975,Medium,3,6321,7,2997
LAB15-PC86,LAB 15,Keyboard (Brand-HP),Y,2023,27036,High,5,7195,5,2703
LAB16-PC69,LAB 16,Keyboard (Brand-HP),Y,2023,33708,High,2,3326,5,3370
LAB12-PC73,LAB 12,Monitor (Brand-HP),N,2023,32899,Medium,6,16008,7,3289
LAB14-PC63,LAB 14,Keyboard (Brand-HP),Y,2023,33850,High,4,11796,5,3385
LAB12-PC74,LAB 12,Monitor (Brand-HP),Y,2023,27300,High,2,5784,7,2730
LAB12-PC75,LAB 12,Monitor (Brand-HP),N,2018,34072,High,3,10245,7,3407
LAB15-PC87,LAB 15,Monitor (Brand-HP),Y,2022,31880,Medium,0,0,7,3188
LAB15-PC88,LAB 15,Monitor (Brand-HP),Y,2020,28798,Medium,0,0,7,2879
LAB10-PC79,LAB 10,Monitor (Brand-HP),Y,2023,28759,High,2,2316,7,2875
LAB16-PC70,LAB 16,Keyboard (Brand-HP),N,2018,27908,High,6,16680,5,2790
LAB10-PC80,LAB 10,Keyboard (Brand-HP),Y,2022,31150,Medium,1,2090,5,3115
LAB13-PC91,LAB 13,Monitor (Brand-HP),Y,2021,30259,High,0,0,7,3025
LAB12-PC76,LAB 12,Keyboard (Brand-HP),Y,2022,28772,Medium,2,3478,5,2877
LAB14-PC64,LAB 14,Monitor (Brand-HP),Y,2021,28701,Medium,2,6894,7,2870
LAB14-PC65,LAB 14,Monitor (Brand-HP),Y,2022,33696,Medium,2,4912,7,3369
LAB16-PC71,LAB 16,Monitor (Brand-HP),Y,2022,28082,Medium,1,2128,7,2808
LAB13-PC92,LAB 13,Keyboard (Brand-HP),N,2018,34048,High,5,16980,5,3404
LAB15-PC89,LAB 15,Keyboard (Brand-HP),Y,2021,31727,Low,0,0,5,3172
LAB10-PC81,LAB 10,Monitor (Brand-HP),N,2018,30307,Medium,6,8202,7,3030
LAB13-PC93,LAB 13,Monitor (Brand-HP),Y,2023,30535,High,0,0,7,3053
LAB16-PC72,LAB 16,Monitor (Brand-HP),Y,2021,28733,Medium,5,18585,7,2873
LAB15-PC90,LAB 15,Monitor (Brand-HP),N,2021,31782,Medium,6,13614,7,3178
LAB12-PC77,LAB 12,Keyboard (Brand-HP),N,2020,31563,Medium,6,17664,5,3156
LAB15-PC91,LAB 15,Monitor (Brand-HP),Y,2022,32915,Medium,2,7922,7,3291
LAB16-PC73,LAB 16,Monitor (Brand-HP),Y,2020,31158,Medium,0,0,7,3115
LAB14-PC66,LAB 14,Keyboard (Brand-HP),N,2018,28889,High,2,2210,5,2888
LAB16-PC74,LAB 16,Keyboard (Brand-HP),N,2020,32033,Medium,2,7268,5,3203
LAB16-PC75,LAB 16,Monitor (Brand-HP),Y,2020,32592,Medium,0,0,7,3259
LAB16-PC76,LAB 16,Keyboard (Brand-HP),N,2020,33530,Medium,2,7580,5,3353
LAB16-PC77,LAB 16,Keyboard (Brand-HP),N,2020,30828,Medium,5,16260,5,3082
LAB14-PC67,LAB 14,Keyboard (Brand-HP),N,2019,27652,Medium,3,9537,5,2765
LAB13-PC94,LAB 13,Keyboard (Brand-HP),N,2020,33265,Medium,4,14056,5,3326
LAB13-PC95,LAB 13,Keyboard (Brand-HP),N,2023,28195,High,7,22008,5,2819
LAB15-PC92,LAB 15,Monitor (Brand-HP),Y,2019,32606,Medium,1,3711,7,3260
LAB13-PC96,LAB 13,Monitor (Brand-HP),Y,2023,27832,Medium,5,15250,7,2783
LAB13-PC97,LAB 13,Keyboard (Brand-HP),N,2019,33474,Medium,2,4388,5,3347
LAB12-PC78,LAB 12,Keyboard (Brand-HP),Y,2022,32307,Low,4,9604,5,3230
LAB10-PC82,LAB 10,Keyboard (Brand-HP),Y,2022,31386,High,2,4414,5,3138
LAB15-PC93,LAB 15,Monitor (Brand-HP),Y,2021,32326,Medium,2,2576,7,3232
LAB13-PC98,LAB 13,Monitor (Brand-HP),Y,2021,30072,Medium,3,6786,7,3007
LAB16-PC78,LAB 16,Keyboard (Brand-HP),N,2020,27637,Medium,5,10265,5,2763
LAB15-PC94,LAB 15,Monitor (Brand-HP),Y,2021,34346,Medium,2,6716,7,3434
LAB16-PC79,LAB 16,Monitor (Brand-HP),Y,2021,27301,Medium,0,0,7,2730
LAB12-PC79,LAB 12,Monitor (Brand-HP),Y,2021,29628,Medium,5,11030,7,2962
LAB16-PC80,LAB 16,Keyboard (Brand-HP),N,2022,29030,Low,6,17766,5,2903
LAB15-PC95,LAB 15,Monitor (Brand-HP),Y,2019,28145,Medium,2,4396,7,2814
LAB10-PC83,LAB 10,Keyboard (Brand-HP),Y,2023,28313,High,3,9549,5,2831
LAB15-PC96,LAB 15,Monitor (Brand-HP),N,2018,29061,Low,4,9376,7,2906
LAB15-PC97,LAB 15,Monitor (Brand-HP),Y,2019,30126,Medium,0,0,7,3012
LAB14-PC68,LAB 14,Keyboard (Brand-HP),N,2020,34521,Medium,3,3546,5,3452
LAB13-PC99,LAB 13,Keyboard (Brand-HP),N,2022,29099,Low,6,17574,5,2909
LAB15-PC98,LAB 15,Keyboard (Brand-HP),N,2018,33432,High,4,10136,5,3343
LAB13-PC100,LAB 13,Keyboard (Brand-HP),Y,2023,29149,High,4,10728,5,2914
LAB14-PC69,LAB 14,Keyboard (Brand-HP),Y,2023,33624,Medium,2,7064,5,3362
LAB16-PC81,LAB 16,Keyboard (Brand-HP),N,2020,28201,Medium,4,14048,5,2820
LAB12-PC80,LAB 12,Keyboard (Brand-HP),Y,2021,28495,Low,0,0,5,2849
LAB12-PC81,LAB 12,Monitor (Brand-HP),Y,2021,31343,Medium,3,4569,7,3134
LAB12-PC82,LAB 12,Keyboard (Brand-HP),Y,2023,29854,High,5,7470,5,2985
LAB12-PC83,LAB 12,Monitor (Brand-HP),Y,2021,31106,Medium,5,13675,7,3110
LAB14-PC70,LAB 14,Monitor (Brand-HP),N,2018,31271,Low,5,7850,7,3127
LAB14-PC71,LAB 14,Keyboard (Brand-HP),N,2022,32788,Low,8,13288,5,3278
LAB14-PC72,LAB 14,Keyboard (Brand-HP),Y,2021,32360,Low,2,6930,5,3236
LAB15-PC99,LAB 15,Keyboard (Brand-HP),Y,2022,27015,High,2,5862,5,2701
LAB14-PC73,LAB 14,Keyboard (Brand-HP),N,2020,27668,Medium,6,14592,5,2766
LAB16-PC82,LAB 16,Monitor (Brand-HP),Y,2020,29478,Medium,1,3756,7,2947
LAB16-PC83,LAB 16,Keyboard (Brand-HP),Y,2023,27325,Medium,2,5134,5,2732
LAB16-PC84,LAB 16,Keyboard (Brand-HP),Y,2022,34507,High,3,7503,5,3450
LAB10-PC84,LAB 10,Keyboard (Brand-HP),N,2018,34456,High,3,9570,5,3445
LAB14-PC74,LAB 14,Monitor (Brand-HP),Y,2021,29296,High,0,0,7,2929
LAB14-PC75,LAB 14,Monitor (Brand-HP),Y,2022,29734,High,5,9145,7,2973
LAB15-PC100,LAB 15,Monitor (Brand-HP),Y,2022,29483,Medium,4,13820,7,2948
LAB10-PC85,LAB 10,Monitor (Brand-HP),Y,2021,28296,Medium,0,0,7,2829
LAB12-PC84,LAB 12,Monitor (Brand-HP),Y,2019,32377,Medium,0,0,7,3237
LAB12-PC85,LAB 12,Monitor (Brand-HP),Y,2023,32834,High,2,2630,7,3283
LAB10-PC86,LAB 10,Monitor (Brand-HP),Y,2023,28049,High,0,0,7,2804
LAB13-PC101,LAB 13,Monitor (Brand-HP),Y,2022,34467,Medium,2,6774,7,3446
LAB12-PC86,LAB 12,Monitor (Brand-HP),N,2018,27590,Medium,8,19792,7,2759
LAB14-PC76,LAB 14,Keyboard (Brand-HP),N,2020,33118,Medium,6,11934,5,3311
LAB15-PC101,LAB 15,Monitor (Brand-HP),N,2018,33834,Low,5,19860,7,3383
LAB15-PC102,LAB 15,Keyboard (Brand-HP),Y,2022,31235,High,2,7054,5,3123
LAB15-PC103,LAB 15,Keyboard (Brand-HP),N,2022,33275,Low,6,23568,5,3327
LAB10-PC87,LAB 10,Keyboard (Brand-HP),Y,2022,32063,Medium,2,2936,5,3206
LAB10-PC88,LAB 10,Monitor (Brand-HP),Y,2021,34764,Medium,4,9352,7,3476
LAB15-PC104,LAB 15,Keyboard (Brand-HP),N,2019,32626,Medium,2,6776,5,3262
LAB13-PC102,LAB 13,Keyboard (Brand-HP),Y,2022,33447,Medium,4,6384,5,3344
LAB14-PC77,LAB 14,Keyboard (Brand-HP),N,2020,31935,Medium,6,14394,5,3193
LAB10-PC89,LAB 10,Monitor (Brand-HP),N,2022,33872,High,6,12042,7,3387
LAB10-PC90,LAB 10,Monitor (Brand-HP),Y,2021,32339,Medium,4,12416,7,3233
LAB15-PC105,LAB 15,Monitor (Brand-HP),N,2018,33461,Medium,7,24052,7,3346
LAB10-PC91,LAB 10,Monitor (Brand-HP),Y,2021,34818,Medium,4,15576,7,3481
LAB10-PC92,LAB 10,Monitor (Brand-HP),Y,2023,31058,High,2,3038,7,3105
LAB13-PC103,LAB 13,Keyboard (Brand-HP),N,2019,27220,High,3,6825,5,2722
LAB14-PC78,LAB 14,Keyboard (Brand-HP),Y,2023,27837,Medium,2,2396,5,2783
LAB16-PC85,LAB 16,Monitor (Brand-HP),Y,2021,34060,Medium,5,14370,7,3406
LAB10-PC93,LAB 10,Keyboard (Brand-HP),N,2023,30972,High,6,14394,5,3097
LAB10-PC94,LAB 10,Keyboard (Brand-HP),N,2020,34107,Medium,2,7276,5,3410
LAB10-PC95,LAB 10,Monitor (Brand-HP),Y,2023,28330,Medium,5,9890,7,2833
LAB12-PC87,LAB 12,Monitor (Brand-HP),Y,2021,29455,Medium,5,7830,7,2945
LAB15-PC106,LAB 15,Keyboard (Brand-HP),N,2019,34948,High,4,13572,5,3494
LAB13-PC104,LAB 13,Monitor (Brand-HP),Y,2021,30029,Medium,5,9120,7,3002
LAB10-PC96,LAB 10,Keyboard (Brand-HP),N,2023,30708,High,7,8281,5,3070
LAB12-PC88,LAB 12,Keyboard (Brand-HP),N,2018,27764,High,5,14795,5,2776
LAB12-PC89,LAB 12,Keyboard (Brand-HP),N,2023,33103,High,7,10927,5,3310
LAB15-PC107,LAB 15,Keyboard (Brand-HP),N,2019,30293,High,1,1483,5,3029
LAB10-PC97,LAB 10,Monitor (Brand-HP),N,2022,30620,High,6,23046,7,3062
LAB12-PC90,LAB 12,Keyboard (Brand-HP),N,2023,30950,High,7,7805,5,3095
LAB10-PC98,LAB 10,Monitor (Brand-HP),Y,2021,28677,Medium,4,13724,7,2867
LAB14-PC79,LAB 14,Monitor (Brand-HP),Y,2021,28202,Medium,4,9580,7,2820
LAB15-PC108,LAB 15,Monitor (Brand-HP),N,2018,31448,High,3,9150,7,3144
LAB14-PC80,LAB 14,Keyboard (Brand-HP),N,2023,30453,High,6,14898,5,3045
LAB10-PC99,LAB 10,Keyboard (Brand-HP),N,2018,28801,High,4,14424,5,2880
LAB13-PC105,LAB 13,Monitor (Brand-HP),N,2022,29036,High,7,13657,7,2903
LAB13-PC106,LAB 13,Keyboard (Brand-HP),N,2019,32292,High,4,14800,5,3229
LAB10-PC100,LAB 10,Monitor (Brand-HP),Y,2021,34159,Medium,4,6284,7,3415
LAB14-PC81,LAB 14,Keyboard (Brand-HP),N,2018,27883,High,5,15100,5,2788
LAB15-PC109,LAB 15,Monitor (Brand-HP),Y,2023,27568,High,1,1512,7,2756
LAB10-PC101,LAB 10,Monitor (Brand-HP),N,2018,31971,High,2,3704,7,3197
LAB10-PC102,LAB 10,Keyboard (Brand-HP),N,2019,31875,Medium,2,4366,5,3187
LAB13-PC107,LAB 13,Keyboard (Brand-HP),N,2023,33895,High,8,16016,5,3389
LAB14-PC82,LAB 14,Monitor (Brand-HP),N,2018,33125,High,2,3536,7,3312
LAB14-PC83,LAB 14,Keyboard (Brand-HP),Y,2022,27107,Medium,2,2432,5,2710
LAB12-PC91,LAB 12,Keyboard (Brand-HP),Y,2022,29934,High,4,15500,5,2993
LAB10-PC103,LAB 10,Keyboard (Brand-HP),Y,2021,33128,Low,0,0,5,3312
LAB13-PC108,LAB 13,Keyboard (Brand-HP),Y,2022,30584,Medium,1,2809,5,3058
LAB16-PC86,LAB 16,Keyboard (Brand-HP),Y,2022,33043,Medium,3,3207,5,3304
LAB13-PC109,LAB 13,Monitor (Brand-HP),Y,2021,34463,High,3,11943,7,3446
LAB15-PC110,LAB 15,Keyboard (Brand-HP),N,2019,28334,High,3,4503,5,2833
LAB14-PC84,LAB 14,Keyboard (Brand-HP),Y,2023,29136,Medium,0,0,5,2913
LAB12-PC92,LAB 12,Keyboard (Brand-HP),N,2020,31027,Medium,5,12645,5,3102
LAB15-PC111,LAB 15,Keyboard (Brand-HP),N,2019,28990,High,1,1876,5,2899
LAB10-PC104,LAB 10,Monitor (Brand-HP),Y,2021,28598,High,1,2969,7,2859
LAB13-PC110,LAB 13,Monitor (Brand-HP),Y,2023,27150,High,0,0,7,2715
LAB15-PC112,LAB 15,Keyboard (Brand-HP),N,2020,32512,Medium,6,20268,5,3251
LAB10-PC105,LAB 10,Monitor (Brand-HP),N,2018,32622,Low,5,8205,7,3262
LAB13-PC111,LAB 13,Keyboard (Brand-HP),N,2019,33770,High,5,12950,5,3377
LAB12-PC93,LAB 12,Keyboard (Brand-HP),Y,2021,31235,Low,0,0,5,3123
LAB13-PC112,LAB 13,Monitor (Brand-HP),Y,2023,34678,High,3,3291,7,3467
LAB16-PC87,LAB 16,Keyboard (Brand-HP),Y,2021,33541,Low,1,1755,5,3354
LAB14-PC85,LAB 14,Monitor (Brand-HP),N,2018,31205,Medium,6,12066,7,3120
LAB10-PC106,LAB 10,Monitor (Brand-HP),Y,2023,29475,Medium,4,8228,7,2947
LAB10-PC107,LAB 10,Monitor (Brand-HP),Y,2023,31730,Medium,4,14112,7,3173
LAB16-PC88,LAB 16,Keyboard (Brand-HP),N,2019,29778,High,4,9420,5,2977
LAB16-PC89,LAB 16,Keyboard (Brand-HP),N,2023,34613,High,6,19842,5,3461
LAB16-PC90,LAB 16,Monitor (Brand-HP),Y,2019,33775,Medium,1,3549,7,3377
LAB12-PC94,LAB 12,Monitor (Brand-HP),Y,2023,32496,Medium,4,7688,7,3249
LAB13-PC113,LAB 13,Monitor (Brand-HP),Y,2023,28061,High,0,0,7,2806
LAB15-PC113,LAB 15,Monitor (Brand-HP),Y,2021,30584,Medium,4,11328,7,3058
LAB12-PC95,LAB 12,Keyboard (Brand-HP),Y,2023,30672,High,4,4436,5,3067
LAB12-PC96,LAB 12,Keyboard (Brand-HP),N,2020,27718,Medium,3,9777,5,2771
LAB13-PC114,LAB 13,Monitor (Brand-HP),Y,2020,27952,Medium,0,0,7,2795
LAB14-PC86,LAB 14,Keyboard (Brand-HP),N,2020,28969,Medium,2,2120,5,2896
LAB16-PC91,LAB 16,Keyboard (Brand-HP),N,2022,33335,Low,6,8940,5,3333
LAB12-PC97,LAB 12,Keyboard (Brand-HP),Y,2022,29453,Medium,2,3530,5,2945
LAB15-PC114,LAB 15,Monitor (Brand-HP),N,2018,32954,Low,4,6844,7,3295
LAB15-PC115,LAB 15,Keyboard (Brand-HP),N,2018,30278,High,4,12844,5,3027
LAB16-PC92,LAB 16,Monitor (Brand-HP),Y,2020,32094,Medium,1,1781,7,3209
LAB15-PC116,LAB 15,Keyboard (Brand-HP),N,2020,29477,Medium,7,25081,5,2947
LAB16-PC93,LAB 16,Keyboard (Brand-HP),Y,2022,30971,High,2,4870,5,3097
LAB10-PC108,LAB 10,Keyboard (Brand-HP),Y,2021,27644,Low,0,0,5,2764
LAB16-PC94,LAB 16,Monitor (Brand-HP),N,2018,28769,Medium,7,23814,7,2876
LAB16-PC95,LAB 16,Keyboard (Brand-HP),N,2018,31772,High,5,5900,5,3177
LAB13-PC115,LAB 13,Monitor (Brand-HP),Y,2022,33818,Medium,3,4962,7,3381
LAB10-PC109,LAB 10,Keyboard (Brand-HP),Y,2023,30089,High,4,14588,5,3008
LAB10-PC110,LAB 10,Monitor (Brand-HP),Y,2021,31655,Medium,4,9092,7,3165
LAB14-PC87,LAB 14,Keyboard (Brand-HP),Y,2023,27796,High,4,14620,5,2779
LAB15-PC117,LAB 15,Keyboard (Brand-HP),N,2018,29388,High,2,7046,5,2938
LAB13-PC116,LAB 13,Monitor (Brand-HP),Y,2019,32545,Medium,1,2415,7,3254
LAB16-PC96,LAB 16,Keyboard (Brand-HP),N,2018,33802,High,3,5952,5,3380
LAB12-PC98,LAB 12,Monitor (Brand-HP),Y,2023,28721,High,0,0,7,2872
LAB13-PC117,LAB 13,Monitor (Brand-HP),Y,2023,30404,Medium,3,11610,7,3040
LAB16-PC97,LAB 16,Monitor (Brand-HP),N,2022,33875,High,8,14160,7,3387
LAB15-PC118,LAB 15,Keyboard (Brand-HP),Y,2023,34250,High,4,9952,5,3425
LAB12-PC99,LAB 12,Monitor (Brand-HP),N,2018,29210,Low,4,8052,7,2921
LAB10-PC111,LAB 10,Monitor (Brand-HP),N,2018,31181,High,2,3930,7,3118
LAB10-PC112,LAB 10,Keyboard (Brand-HP),N,2019,28072,High,4,11204,5,2807
LAB13-PC118,LAB 13,Keyboard (Brand-HP),N,2018,29536,High,3,4491,5,2953
LAB16-PC98,LAB 16,Monitor (Brand-HP),Y,2023,32271,High,0,0,7,3227
LAB16-PC99,LAB 16,Monitor (Brand-HP),N,2023,28944,Medium,7,20839,7,2894
LAB10-PC113,LAB 10,Keyboard (Brand-HP),Y,2023,28809,High,2,7644,5,2880
LAB13-PC119,LAB 13,Keyboard (Brand-HP),Y,2021,30558,Low,0,0,5,3055
LAB10-PC114,LAB 10,Monitor (Brand-HP),N,2018,29487,Medium,7,9240,7,2948
LAB13-PC120,LAB 13,Monitor (Brand-HP),Y,2019,28554,Medium,1,2673,7,2855
LAB10-PC115,LAB 10,Keyboard (Brand-HP),Y,2023,34558,High,5,14560,5,3455
LAB15-PC119,LAB 15,Monitor (Brand-HP),N,2018,32928,Low,2,2670,7,3292
LAB14-PC88,LAB 14,Keyboard (Brand-HP),Y,2022,29603,High,3,11019,5,2960
LAB10-PC116,LAB 10,Monitor (Brand-HP),Y,2023,33147,Medium,4,15748,7,3314
LAB10-PC117,LAB 10,Keyboard (Brand-HP),Y,2022,29990,Low,4,15948,5,2999
LAB13-PC121,LAB 13,Monitor (Brand-HP),Y,2021,29501,Medium,5,6390,7,2950
LAB13-PC122,LAB 13,Keyboard (Brand-HP),N,2020,27383,Medium,3,7620,5,2738
LAB13-PC123,LAB 13,Keyboard (Brand-HP),N,2018,31431,High,3,6942,5,3143
LAB10-PC118,LAB 10,Keyboard (Brand-HP),N,2022,30048,Low,6,8316,5,3004
LAB12-PC100,LAB 12,Keyboard (Brand-HP),Y,2023,30338,Medium,2,2488,5,3033
LAB15-PC120,LAB 15,Keyboard (Brand-HP),N,2019,28085,Medium,3,4659,5,2808
LAB15-PC121,LAB 15,Monitor (Brand-HP),Y,2023,33494,Medium,3,5496,7,3349
LAB15-PC122,LAB 15,Keyboard (Brand-HP),N,2020,28260,Medium,6,16098,5,2826
LAB12-PC101,LAB 12,Monitor (Brand-HP),Y,2022,34799,High,5,13390,7,3479
LAB10-PC119,LAB 10,Keyboard (Brand-HP),Y,2022,33531,High,3,4728,5,3353
LAB14-PC89,LAB 14,Monitor (Brand-HP),Y,2021,31211,Medium,3,3963,7,3121
LAB13-PC124,LAB 13,Keyboard (Brand-HP),Y,2023,28594,High,5,9135,5,2859
LAB15-PC123,LAB 15,Keyboard (Brand-HP),Y,2022,33842,Medium,4,10220,5,3384
LAB13-PC125,LAB 13,Monitor (Brand-HP),Y,2023,31351,High,0,0,7,3135
LAB15-PC124,LAB 15,Monitor (Brand-HP),Y,2021,30697,Medium,4,15228,7,3069
LAB10-PC120,LAB 10,Keyboard (Brand-HP),Y,2022,30918,High,1,3269,5,3091
LAB14-PC90,LAB 14,Monitor (Brand-HP),N,2018,33424,High,1,2120,7,3342
LAB14-PC91,LAB 14,Monitor (Brand-HP),Y,2021,27554,Medium,5,18125,7,2755
LAB12-PC102,LAB 12,Monitor (Brand-HP),Y,2019,31255,Medium,0,0,7,3125
LAB15-PC125,LAB 15,Monitor (Brand-HP),N,2021,31321,Medium,6,12744,7,3132
LAB16-PC100,LAB 16,Keyboard (Brand-HP),N,2020,32168,Medium,4,13640,5,3216
LAB15-PC126,LAB 15,Keyboard (Brand-HP),N,2020,31098,Medium,3,3102,5,3109
LAB10-PC121,LAB 10,Keyboard (Brand-HP),N,2020,34784,Medium,5,12970,5,3478
LAB10-PC122,LAB 10,Keyboard (Brand-HP),N,2022,34930,Low,7,22274,5,3493
LAB10-PC123,LAB 10,Monitor (Brand-HP),N,2018,29583,High,5,18555,7,2958
LAB16-PC101,LAB 16,Keyboard (Brand-HP),Y,2022,33483,Low,5,17055,5,3348
LAB14-PC92,LAB 14,Monitor (Brand-HP),Y,2020,32679,Medium,0,0,7,3267
LAB14-PC93,LAB 14,Monitor (Brand-HP),N,2018,31019,High,3,5604,7,3101
LAB16-PC102,LAB 16,Monitor (Brand-HP),Y,2023,34348,Medium,3,10725,7,3434
LAB14-PC94,LAB 14,Keyboard (Brand-HP),Y,2023,29693,High,5,14395,5,2969
LAB14-PC95,LAB 14,Monitor (Brand-HP),Y,2021,31044,Medium,3,5253,7,3104
LAB13-PC126,LAB 13,Keyboard (Brand-HP),Y,2022,34712,Low,5,10960,5,3471
LAB16-PC103,LAB 16,Monitor (Brand-HP),N,2018,34496,Medium,8,23096,7,3449
LAB13-PC127,LAB 13,Monitor (Brand-HP),Y,2023,29448,High,3,7374,7,2944
LAB15-PC127,LAB 15,Monitor (Brand-HP),Y,2022,31826,Medium,1,1568,7,3182
LAB15-PC128,LAB 15,Monitor (Brand-HP),Y,2023,29456,High,1,2123,7,2945
LAB16-PC104,LAB 16,Keyboard (Brand-HP),Y,2022,33241,Medium,3,3453,5,3324
LAB16-PC105,LAB 16,Monitor (Brand-HP),N,2023,32709,Medium,6,20940,7,3270
LAB12-PC103,LAB 12,Monitor (Brand-HP),Y,2020,27448,Medium,1,3464,7,2744
LAB14-PC96,LAB 14,Monitor (Brand-HP),Y,2021,33812,High,0,0,7,3381
LAB16-PC106,LAB 16,Monitor (Brand-HP),Y,2023,28973,High,0,0,7,2897
LAB14-PC97,LAB 14,Monitor (Brand-HP),Y,2021,27789,High,0,0,7,2778
LAB14-PC98,LAB 14,Monitor (Brand-HP),N,2022,28905,High,6,11208,7,2890
LAB14-PC99,LAB 14,Keyboard (Brand-HP),N,2018,34928,High,4,10716,5,3492
LAB12-PC104,LAB 12,Keyboard (Brand-HP),Y,2023,32737,High,4,7768,5,3273
LAB15-PC129,LAB 15,Monitor (Brand-HP),Y,2020,32432,Medium,1,2297,7,3243
LAB12-PC105,LAB 12,Keyboard (Brand-HP),Y,2022,30586,High,1,1949,5,3058
LAB12-PC106,LAB 12,Keyboard (Brand-HP),N,2022,30866,Low,6,12840,5,3086
LAB14-PC100,LAB 14,Monitor (Brand-HP),Y,2022,27886,Medium,4,9560,7,2788
LAB16-PC107,LAB 16,Monitor (Brand-HP),Y,2019,32085,Medium,2,2106,7,3208
LAB13-PC128,LAB 13,Monitor (Brand-HP),N,2018,33513,Low,1,3609,7,3351
LAB12-PC107,LAB 12,Monitor (Brand-HP),N,2018,27121,Low,2,2036,7,2712
LAB10-PC124,LAB 10,Keyboard (Brand-HP),Y,2023,33308,High,4,4364,5,3330
LAB12-PC108,LAB 12,Monitor (Brand-HP),Y,2022,29187,Medium,2,5236,7,2918
LAB14-PC101,LAB 14,Monitor (Brand-HP),Y,2020,34684,Medium,0,0,7,3468
LAB14-PC102,LAB 14,Keyboard (Brand-HP),N,2019,33348,Medium,3,9084,5,3334
LAB10-PC125,LAB 10,Keyboard (Brand-HP),N,2020,30492,Medium,2,2540,5,3049
LAB16-PC108,LAB 16,Monitor (Brand-HP),Y,2019,33731,Medium,1,1938,7,3373
LAB10-PC126,LAB 10,Keyboard (Brand-HP),N,2020,28933,Medium,5,7330,5,2893
LAB10-PC127,LAB 10,Monitor (Brand-HP),N,2018,31895,High,3,8889,7,3189
LAB16-PC109,LAB 16,Monitor (Brand-HP),Y,2019,27640,Medium,1,1040,7,2764
LAB12-PC109,LAB 12,Monitor (Brand-HP),N,2022,30884,High,6,19320,7,3088
LAB14-PC103,LAB 14,Monitor (Brand-HP),N,2018,30282,High,3,6705,7,3028
LAB16-PC110,LAB 16,Keyboard (Brand-HP),Y,2023,31796,High,2,6670,5,3179
LAB13-PC129,LAB 13,Monitor (Brand-HP),N,2023,33378,Medium,7,22316,7,3337
LAB16-PC111,LAB 16,Keyboard (Brand-HP),Y,2023,30241,High,5,8200,5,3024
LAB16-PC112,LAB 16,Monitor (Brand-HP),N,2018,28455,Medium,6,16326,7,2845
LAB13-PC130,LAB 13,Keyboard (Brand-HP),Y,2022,33027,Medium,2,5614,5,3302
LAB10-PC128,LAB 10,Keyboard (Brand-HP),N,2023,30453,High,6,14766,5,3045
LAB15-PC130,LAB 15,Keyboard (Brand-HP),Y,2023,29236,Medium,4,4868,5,2923
LAB15-PC131,LAB 15,Keyboard (Brand-HP),N,2020,29491,Medium,4,15084,5,2949
LAB12-PC110,LAB 12,Keyboard (Brand-HP),N,2023,32142,High,6,20256,5,3214
LAB12-PC111,LAB 12,Keyboard (Brand-HP),Y,2023,31745,High,5,7065,5,3174
LAB12-PC112,LAB 12,Keyboard (Brand-HP),Y,2022,30224,High,4,11148,5,3022
LAB15-PC132,LAB 15,Keyboard (Brand-HP),Y,2022,30587,High,4,15836,5,3058
LAB12-PC113,LAB 12,Monitor (Brand-HP),N,2018,32318,High,4,8400,7,3231
LAB13-PC131,LAB 13,Monitor (Brand-HP),Y,2020,32081,Medium,1,3912,7,3208
LAB15-PC133,LAB 15,Monitor (Brand-HP),N,2022,32529,High,7,9464,7,3252
LAB15-PC134,LAB 15,Keyboard (Brand-HP),Y,2023,27310,High,4,5476,5,2731
LAB13-PC132,LAB 13,Monitor (Brand-HP),Y,2021,34299,Medium,2,6452,7,3429
LAB15-PC135,LAB 15,Keyboard (Brand-HP),N,2018,33806,High,3,11544,5,3380
LAB12-PC114,LAB 12,Keyboard (Brand-HP),N,2020,34580,Medium,2,4412,5,3458
LAB12-PC115,LAB 12,Keyboard (Brand-HP),N,2020,27303,Medium,3,4662,5,2730
LAB16-PC113,LAB 16,Keyboard (Brand-HP),N,2023,32573,High,6,11340,5,3257
LAB15-PC136,LAB 15,Keyboard (Brand-HP),Y,2022,30342,High,3,4266,5,3034
LAB16-PC114,LAB 16,Keyboard (Brand-HP),N,2020,30353,Medium,2,5128,5,3035
LAB16-PC115,LAB 16,Keyboard (Brand-HP),N,2018,28130,High,3,6039,5,2813
LAB15-PC137,LAB 15,Keyboard (Brand-HP),Y,2022,33984,High,3,8763,5,3398
LAB15-PC138,LAB 15,Keyboard (Brand-HP),N,2020,33420,Medium,6,14910,5,3342
LAB14-PC104,LAB 14,Monitor (Brand-HP),Y,2019,34705,Medium,1,1647,7,3470
LAB13-PC133,LAB 13,Monitor (Brand-HP),Y,2021,29245,Medium,3,8925,7,2924
LAB16-PC116,LAB 16,Monitor (Brand-HP),Y,2019,33984,Medium,2,4300,7,3398
LAB13-PC134,LAB 13,Keyboard (Brand-HP),N,2019,29980,High,3,5256,5,2998
LAB13-PC135,LAB 13,Monitor (Brand-HP),N,2018,27446,Medium,7,17283,7,2744
LAB10-PC129,LAB 10,Keyboard (Brand-HP),N,2018,34049,High,4,7324,5,3404
LAB12-PC116,LAB 12,Monitor (Brand-HP),Y,2023,34823,High,1,2516,7,3482
LAB13-PC136,LAB 13,Monitor (Brand-HP),Y,2019,31138,Medium,0,0,7,3113
LAB16-PC117,LAB 16,Monitor (Brand-HP),Y,2023,28344,High,1,3513,7,2834
LAB15-PC139,LAB 15,Monitor (Brand-HP),Y,2019,31405,Medium,2,6658,7,3140
LAB15-PC140,LAB 15,Monitor (Brand-HP),N,2018,31297,Medium,7,22771,7,3129
LAB10-PC130,LAB 10,Keyboard (Brand-HP),N,2022,27007,Low,7,21329,5,2700
LAB10-PC131,LAB 10,Keyboard (Brand-HP),Y,2021,33547,Low,1,1406,5,3354
LAB13-PC137,LAB 13,Keyboard (Brand-HP),N,2019,32556,High,3,7665,5,3255
LAB16-PC118,LAB 16,Keyboard (Brand-HP),N,2019,29057,Medium,2,4752,5,2905
LAB14-PC105,LAB 14,Keyboard (Brand-HP),N,2019,34419,High,5,19965,5,3441
LAB13-PC138,LAB 13,Keyboard (Brand-HP),N,2018,29117,High,4,12196,5,2911
LAB15-PC141,LAB 15,Monitor (Brand-HP),N,2018,34283,Low,4,8544,7,3428
LAB14-PC106,LAB 14,Monitor (Brand-HP),Y,2023,30436,Medium,5,11970,7,3043
LAB10-PC132,LAB 10,Monitor (Brand-HP),Y,2023,32839,High,0,0,7,3283
LAB13-PC139,LAB 13,Monitor (Brand-HP),Y,2021,31806,Medium,5,7400,7,3180
LAB16-PC119,LAB 16,Monitor (Brand-HP),N,2018,31648,Low,3,5886,7,3164
LAB14-PC107,LAB 14,Monitor (Brand-HP),N,2018,33832,Low,1,2043,7,3383
LAB10-PC133,LAB 10,Keyboard (Brand-HP),N,2020,27616,Medium,3,5154,5,2761
LAB12-PC117,LAB 12,Keyboard (Brand-HP),N,2020,31434,Medium,5,19585,5,3143
LAB13-PC140,LAB 13,Monitor (Brand-HP),Y,2023,31675,High,0,0,7,3167
LAB10-PC134,LAB 10,Keyboard (Brand-HP),Y,2022,31540,High,2,2020,5,3154
LAB16-PC120,LAB 16,Monitor (Brand-HP),Y,2023,33610,Medium,5,10615,7,3361
LAB15-PC142,LAB 15,Monitor (Brand-HP),Y,2020,28090,Medium,0,0,7,2809
LAB12-PC118,LAB 12,Keyboard (Brand-HP),N,2020,27344,Medium,3,8835,5,2734
LAB14-PC108,LAB 14,Monitor (Brand-HP),Y,2019,32361,Medium,1,2080,7,3236
LAB10-PC135,LAB 10,Monitor (Brand-HP),Y,2020,29975,Medium,2,2398,7,2997
LAB16-PC121,LAB 16,Keyboard (Brand-HP),Y,2022,30650,Low,5,17815,5,3065
LAB12-PC119,LAB 12,Monitor (Brand-HP),Y,2021,29376,Medium,4,10704,7,2937
LAB14-PC109,LAB 14,Keyboard (Brand-HP),Y,2023,30843,High,4,10744,5,3084
LAB13-PC141,LAB 13,Keyboard (Brand-HP),N,2019,29425,High,2,7850,5,2942
LAB12-PC120,LAB 12,Monitor (Brand-HP),Y,2019,30830,Medium,1,1366,7,3083
LAB15-PC143,LAB 15,Monitor (Brand-HP),N,2018,32727,Low,2,5982,7,3272
LAB10-PC136,LAB 10,Monitor (Brand-HP),N,2018,32392,Medium,5,14795,7,3239
LAB15-PC144,LAB 15,Keyboard (Brand-HP),Y,2023,30891,High,5,16910,5,3089
LAB16-PC122,LAB 16,Keyboard (Brand-HP),Y,2021,32698,Low,0,0,5,3269
LAB12-PC121,LAB 12,Keyboard (Brand-HP),N,2020,30653,Medium,6,14778,5,3065
LAB12-PC122,LAB 12,Monitor (Brand-HP),Y,2021,33434,Medium,0,0,7,3343
LAB15-PC145,LAB 15,Monitor (Brand-HP),Y,2022,29454,Medium,3,11208,7,2945
LAB12-PC123,LAB 12,Keyboard (Brand-HP),N,2020,33236,Medium,5,10795,5,3323
LAB15-PC146,LAB 15,Monitor (Brand-HP),Y,2023,33176,Medium,5,5045,7,3317
LAB15-PC147,LAB 15,Keyboard (Brand-HP),N,2020,32447,Medium,5,14830,5,3244
LAB14-PC110,LAB 14,Monitor (Brand-HP),Y,2021,33494,High,1,1608,7,3349
LAB12-PC124,LAB 12,Monitor (Brand-HP),Y,2021,27625,Medium,4,8100,7,2762
LAB12-PC125,LAB 12,Monitor (Brand-HP),Y,2019,30518,Medium,0,0,7,3051
LAB12-PC126,LAB 12,Monitor (Brand-HP),N,2023,33211,Medium,6,15756,7,3321
LAB14-PC111,LAB 14,Monitor (Brand-HP),N,2022,33625,High,6,13464,7,3362
LAB13-PC142,LAB 13,Monitor (Brand-HP),Y,2021,31057,Medium,5,17235,7,3105
LAB10-PC137,LAB 10,Monitor (Brand-HP),Y,2020,29703,Medium,0,0,7,2970
LAB12-PC127,LAB 12,Keyboard (Brand-HP),N,2022,28089,Low,8,15400,5,2808
LAB16-PC123,LAB 16,Monitor (Brand-HP),Y,2022,34613,Medium,1,2084,7,3461
LAB16-PC124,LAB 16,Monitor (Brand-HP),Y,2021,28290,Medium,4,13292,7,2829
LAB15-PC148,LAB 15,Keyboard (Brand-HP),N,2022,28231,Low,6,7650,5,2823
LAB10-PC138,LAB 10,Monitor (Brand-HP),N,2018,31259,Medium,6,15696,7,3125
LAB15-PC149,LAB 15,Keyboard (Brand-HP),Y,2021,27903,Low,1,3986,5,2790
LAB12-PC128,LAB 12,Monitor (Brand-HP),Y,2020,28235,Medium,0,0,7,2823
LAB16-PC125,LAB 16,Monitor (Brand-HP),Y,2020,28477,Medium,1,1605,7,2847
LAB14-PC112,LAB 14,Monitor (Brand-HP),Y,2020,30077,Medium,1,3203,7,3007
LAB10-PC139,LAB 10,Keyboard (Brand-HP),N,2022,27071,Low,7,18900,5,2707
LAB15-PC150,LAB 15,Keyboard (Brand-HP),Y,2023,33171,High,3,9612,5,3317
LAB14-PC113,LAB 14,Keyboard (Brand-HP),Y,2023,29666,High,5,18220,5,2966
LAB13-PC143,LAB 13,Keyboard (Brand-HP),Y,2023,27388,High,5,8615,5,2738
LAB10-PC140,LAB 10,Keyboard (Brand-HP),N,2020,28035,Medium,3,3117,5,2803
LAB10-PC141,LAB 10,Monitor (Brand-HP),Y,2021,29190,Medium,3,5280,7,2919
LAB10-PC142,LAB 10,Monitor (Brand-HP),N,2018,34940,Low,1,3359,7,3494
LAB14-PC114,LAB 14,Keyboard (Brand-HP),N,2020,28250,Medium,2,4188,5,2825
LAB10-PC143,LAB 10,Keyboard (Brand-HP),Y,2023,34028,High,3,3900,5,3402
LAB15-PC151,LAB 15,Keyboard (Brand-HP),N,2019,30171,High,5,11720,5,3017
LAB13-PC144,LAB 13,Monitor (Brand-HP),N,2018,28289,Low,2,2712,7,2828
LAB10-PC144,LAB 10,Keyboard (Brand-HP),N,2019,31372,High,2,2244,5,3137
LAB10-PC145,LAB 10,Monitor (Brand-HP),Y,2021,28593,Medium,1,2148,7,2859
LAB10-PC146,LAB 10,Keyboard (Brand-HP),N,2018,34210,High,5,13160,5,3421
LAB16-PC126,LAB 16,Monitor (Brand-HP),Y,2019,32707,Medium,1,3495,7,3270
LAB13-PC145,LAB 13,Keyboard (Brand-HP),N,2020,32935,Medium,3,9780,5,3293
LAB14-PC115,LAB 14,Monitor (Brand-HP),Y,2021,29220,Medium,4,12276,7,2922
LAB10-PC147,LAB 10,Monitor (Brand-HP),Y,2019,33041,Medium,2,7830,7,3304
LAB15-PC152,LAB 15,Keyboard (Brand-HP),N,2020,29020,Medium,3,7155,5,2902
LAB12-PC129,LAB 12,Monitor (Brand-HP),Y,2023,27631,High,2,5148,7,2763
LAB12-PC130,LAB 12,Monitor (Brand-HP),Y,2022,34719,Medium,1,3217,7,3471
LAB10-PC148,LAB 10,Monitor (Brand-HP),Y,2023,34918,Medium,3,7842,7,3491
LAB12-PC131,LAB 12,Monitor (Brand-HP),Y,2021,29739,Medium,2,5038,7,2973
LAB15-PC153,LAB 15,Keyboard (Brand-HP),Y,2022,30188,Medium,3,10761,5,3018
LAB13-PC146,LAB 13,Monitor (Brand-HP),Y,2023,29432,Medium,4,4008,7,2943
LAB14-PC116,LAB 14,Monitor (Brand-HP),N,2018,31359,Low,4,9672,7,3135
LAB15-PC154,LAB 15,Monitor (Brand-HP),N,2022,32472,High,6,17178,7,3247
LAB13-PC147,LAB 13,Keyboard (Brand-HP),Y,2023,28740,High,3,10170,5,2874
LAB15-PC155,LAB 15,Monitor (Brand-HP),Y,2023,33790,High,2,7366,7,3379
LAB15-PC156,LAB 15,Monitor (Brand-HP),N,2018,32333,High,2,2790,7,3233
LAB16-PC127,LAB 16,Keyboard (Brand-HP),N,2019,33367,High,3,4035,5,3336
LAB12-PC132,LAB 12,Keyboard (Brand-HP),N,2020,29915,Medium,7,15225,5,2991
LAB10-PC149,LAB 10,Keyboard (Brand-HP),Y,2022,34911,Medium,2,7622,5,3491
LAB16-PC128,LAB 16,Keyboard (Brand-HP),N,2020,32369,Medium,6,7980,5,3236
LAB13-PC148,LAB 13,Keyboard (Brand-HP),N,2020,34107,Medium,1,2206,5,3410
LAB14-PC117,LAB 14,Keyboard (Brand-HP),Y,2023,31996,Medium,3,7149,5,3199
LAB15-PC157,LAB 15,Monitor (Brand-HP),Y,2021,32661,Medium,2,7966,7,3266
LAB12-PC133,LAB 12,Keyboard (Brand-HP),Y,2022,31436,Medium,2,5144,5,3143
LAB10-PC150,LAB 10,Keyboard (Brand-HP),Y,2022,28620,Medium,3,6432,5,2862
LAB10-PC151,LAB 10,Keyboard (Brand-HP),Y,2021,33560,Low,0,0,5,3356
LAB10-PC152,LAB 10,Monitor (Brand-HP),Y,2021,31066,Medium,5,10145,7,3106
LAB14-PC118,LAB 14,Monitor (Brand-HP),Y,2023,27126,Medium,4,12128,7,2712
LAB14-PC119,LAB 14,Monitor (Brand-HP),N,2018,27455,High,3,3054,7,2745
LAB13-PC149,LAB 13,Monitor (Brand-HP),Y,2021,33052,Medium,4,7084,7,3305
LAB14-PC120,LAB 14,Keyboard (Brand-HP),Y,2023,34809,High,4,13168,5,3480
LAB15-PC158,LAB 15,Monitor (Brand-HP),N,2022,28711,High,7,17059,7,2871
LAB16-PC129,LAB 16,Keyboard (Brand-HP),N,2020,34319,Medium,4,11004,5,3431
LAB13-PC150,LAB 13,Keyboard (Brand-HP),N,2022,33997,Low,6,11670,5,3399
LAB13-PC151,LAB 13,Keyboard (Brand-HP),N,2023,29701,High,6,14592,5,2970
LAB12-PC134,LAB 12,Monitor (Brand-HP),Y,2021,32853,Medium,0,0,7,3285
LAB10-PC153,LAB 10,Monitor (Brand-HP),Y,2021,33148,Medium,4,6716,7,3314
LAB12-PC135,LAB 12,Keyboard (Brand-HP),Y,2022,32375,Medium,4,14464,5,3237
LAB10-PC154,LAB 10,Monitor (Brand-HP),Y,2021,27413,Medium,4,9196,7,2741
LAB16-PC130,LAB 16,Keyboard (Brand-HP),N,2022,29574,Low,7,17472,5,2957
LAB15-PC159,LAB 15,Keyboard (Brand-HP),N,2020,32559,Medium,3,3768,5,3255
LAB13-PC152,LAB 13,Monitor (Brand-HP),N,2018,34563,Medium,8,30664,7,3456
LAB16-PC131,LAB 16,Monitor (Brand-HP),Y,2022,30343,Medium,0,0,7,3034
LAB15-PC160,LAB 15,Keyboard (Brand-HP),N,2019,30277,Medium,2,3568,5,3027
LAB12-PC136,LAB 12,Keyboard (Brand-HP),Y,2023,29706,High,4,4184,5,2970
LAB14-PC121,LAB 14,Keyboard (Brand-HP),N,2023,28367,High,6,11322,5,2836
LAB15-PC161,LAB 15,Monitor (Brand-HP),Y,2023,33835,High,3,8928,7,3383
LAB14-PC122,LAB 14,Monitor (Brand-HP),Y,2021,31613,Medium,2,7106,7,3161
LAB12-PC137,LAB 12,Keyboard (Brand-HP),N,2020,34493,Medium,2,6004,5,3449
LAB15-PC162,LAB 15,Monitor (Brand-HP),N,2023,34163,Medium,6,23550,7,3416
LAB13-PC153,LAB 13,Keyboard (Brand-HP),Y,2022,29502,Low,5,12145,5,2950
LAB13-PC154,LAB 13,Monitor (Brand-HP),Y,2019,34020,Medium,2,4496,7,3402
LAB12-PC138,LAB 12,Monitor (Brand-HP),Y,2022,28955,Medium,3,4926,7,2895
LAB14-PC123,LAB 14,Monitor (Brand-HP),N,2018,30791,Low,3,3510,7,3079
LAB15-PC163,LAB 15,Monitor (Brand-HP),Y,2023,29787,High,2,4806,7,2978
LAB10-PC155,LAB 10,Keyboard (Brand-HP),Y,2023,32694,High,5,16070,5,3269
LAB12-PC139,LAB 12,Monitor (Brand-HP),Y,2021,30303,Medium,5,19860,7,3030
LAB13-PC155,LAB 13,Monitor (Brand-HP),N,2018,30990,Low,4,11752,7,3099
LAB14-PC124,LAB 14,Monitor (Brand-HP),N,2023,30146,Medium,7,15582,7,3014
LAB15-PC164,LAB 15,Keyboard (Brand-HP),N,2018,32036,High,4,5720,5,3203
LAB15-PC165,LAB 15,Keyboard (Brand-HP),Y,2023,33666,High,4,13496,5,3366
LAB10-PC156,LAB 10,Keyboard (Brand-HP),N,2019,33363,High,2,6220,5,3336
LAB10-PC157,LAB 10,Monitor (Brand-HP),Y,2022,29441,Medium,3,3663,7,2944
LAB15-PC166,LAB 15,Monitor (Brand-HP),Y,2022,34472,Medium,0,0,7,3447
LAB14-PC125,LAB 14,Keyboard (Brand-HP),N,2018,34874,High,4,12372,5,3487
LAB13-PC156,LAB 13,Keyboard (Brand-HP),N,2020,27364,Medium,3,3960,5,2736
LAB14-PC126,LAB 14,Monitor (Brand-HP),N,2018,33084,Medium,8,21296,7,3308
LAB15-PC167,LAB 15,Keyboard (Brand-HP),N,2022,34282,Low,6,21102,5,3428
LAB13-PC157,LAB 13,Keyboard (Brand-HP),Y,2022,32120,Medium,1,3049,5,3212
LAB12-PC140,LAB 12,Monitor (Brand-HP),N,2018,34962,Medium,8,13944,7,3496
LAB10-PC158,LAB 10,Monitor (Brand-HP),Y,2022,34908,Medium,1,3033,7,3490
LAB10-PC159,LAB 10,Monitor (Brand-HP),N,2018,31419,High,5,12415,7,3141
LAB16-PC132,LAB 16,Monitor (Brand-HP),N,2018,33187,Low,4,10856,7,3318
LAB10-PC160,LAB 10,Monitor (Brand-HP),Y,2021,30899,Medium,2,6534,7,3089
LAB13-PC158,LAB 13,Monitor (Brand-HP),N,2018,28334,High,3,4653,7,2833
LAB12-PC141,LAB 12,Keyboard (Brand-HP),Y,2021,31929,Low,0,0,5,3192
LAB13-PC159,LAB 13,Monitor (Brand-HP),Y,2019,29091,Medium,1,2095,7,2909
LAB15-PC168,LAB 15,Monitor (Brand-HP),Y,2020,31948,Medium,1,3707,7,3194
LAB14-PC127,LAB 14,Keyboard (Brand-HP),Y,2022,33003,High,4,10220,5,3300
LAB14-PC128,LAB 14,Monitor (Brand-HP),Y,2022,31612,Medium,2,6566,7,3161
LAB13-PC160,LAB 13,Keyboard (Brand-HP),N,2020,29855,Medium,3,6006,5,2985
LAB14-PC129,LAB 14,Monitor (Brand-HP),Y,2021,32301,High,2,2482,7,3230
LAB16-PC133,LAB 16,Monitor (Brand-HP),N,2018,28741,Low,5,8100,7,2874
LAB14-PC130,LAB 14,Monitor (Brand-HP),Y,2022,27252,High,5,10710,7,2725
LAB15-PC169,LAB 15,Monitor (Brand-HP),N,2018,30322,Low,4,14128,7,3032
LAB10-PC161,LAB 10,Monitor (Brand-HP),Y,2019,34367,Medium,0,0,7,3436
LAB14-PC131,LAB 14,Monitor (Brand-HP),N,2018,27997,Medium,6,6978,7,2799
LAB15-PC170,LAB 15,Keyboard (Brand-HP),N,2020,34938,Medium,3,5904,5,3493
LAB15-PC171,LAB 15,Keyboard (Brand-HP),N,2020,32643,Medium,3,5673,5,3264
LAB12-PC142,LAB 12,Monitor (Brand-HP),N,2022,32674,High,6,7536,7,3267
LAB14-PC132,LAB 14,Monitor (Brand-HP),Y,2023,30545,Medium,5,16785,7,3054
LAB13-PC161,LAB 13,Monitor (Brand-HP),Y,2021,31906,Medium,4,12548,7,3190
LAB15-PC172,LAB 15,Monitor (Brand-HP),Y,2023,32725,Medium,4,10348,7,3272
LAB15-PC173,LAB 15,Monitor (Brand-HP),Y,2020,28077,Medium,1,3642,7,2807
LAB10-PC162,LAB 10,Monitor (Brand-HP),Y,2023,28380,High,2,5956,7,2838
LAB10-PC163,LAB 10,Monitor (Brand-HP),Y,2021,32170,Medium,5,16225,7,3217
LAB15-PC174,LAB 15,Monitor (Brand-HP),N,2018,28520,High,4,4344,7,2852
LAB13-PC162,LAB 13,Monitor (Brand-HP),N,2018,29322,High,5,6990,7,2932
LAB14-PC133,LAB 14,Keyboard (Brand-HP),N,2018,34942,High,3,9576,5,3494
LAB10-PC164,LAB 10,Monitor (Brand-HP),Y,2023,31580,High,1,2041,7,3158
LAB13-PC163,LAB 13,Monitor (Brand-HP),N,2023,27474,Medium,7,15890,7,2747
LAB10-PC165,LAB 10,Monitor (Brand-HP),Y,2022,34428,Medium,3,10011,7,3442
LAB15-PC175,LAB 15,Monitor (Brand-HP),Y,2023,28066,High,1,3911,7,2806
LAB15-PC176,LAB 15,Monitor (Brand-HP),Y,2021,34954,Medium,5,9795,7,3495
LAB15-PC177,LAB 15,Keyboard (Brand-HP),Y,2021,28843,Low,0,0,5,2884
LAB13-PC164,LAB 13,Monitor (Brand-HP),Y,2021,27519,Medium,5,17950,7,2751
LAB12-PC143,LAB 12,Keyboard (Brand-HP),N,2018,29734,High,4,6112,5,2973
LAB12-PC144,LAB 12,Keyboard (Brand-HP),Y,2021,34176,Low,0,0,5,3417
LAB10-PC166,LAB 10,Keyboard (Brand-HP),Y,2022,27730,Medium,2,6484,5,2773
LAB14-PC134,LAB 14,Keyboard (Brand-HP),N,2023,33922,High,8,15472,5,3392
LAB13-PC165,LAB 13,Monitor (Brand-HP),Y,2021,29958,Medium,5,9325,7,2995
LAB16-PC134,LAB 16,Monitor (Brand-HP),N,2022,27527,High,7,8092,7,2752
LAB12-PC145,LAB 12,Keyboard (Brand-HP),Y,2023,28773,High,5,19880,5,2877
LAB12-PC146,LAB 12,Keyboard (Brand-HP),N,2023,27566,High,6,16470,5,2756
LAB13-PC166,LAB 13,Keyboard (Brand-HP),N,2019,34097,Medium,3,9972,5,3409
LAB16-PC135,LAB 16,Keyboard (Brand-HP),Y,2022,32243,Medium,1,1632,5,3224
LAB10-PC167,LAB 10,Monitor (Brand-HP),Y,2021,33260,Medium,3,11847,7,3326
LAB12-PC147,LAB 12,Monitor (Brand-HP),N,2018,34621,High,2,6576,7,3462
LAB10-PC168,LAB 10,Monitor (Brand-HP),N,2018,28214,Low,2,5064,7,2821
LAB13-PC167,LAB 13,Keyboard (Brand-HP),N,2020,33579,Medium,4,12988,5,3357
LAB10-PC169,LAB 10,Keyboard (Brand-HP),N,2019,31696,High,1,1034,5,3169
LAB13-PC168,LAB 13,Monitor (Brand-HP),Y,2023,28327,High,2,6690,7,2832
LAB14-PC135,LAB 14,Keyboard (Brand-HP),N,2020,29276,Medium,3,3471,5,2927
LAB14-PC136,LAB 14,Monitor (Brand-HP),Y,2020,29675,Medium,1,1153,7,2967
LAB14-PC137,LAB 14,Keyboard (Brand-HP),Y,2023,31884,Medium,4,4536,5,3188
LAB12-PC148,LAB 12,Keyboard (Brand-HP),N,2020,33719,Medium,1,3005,5,3371
LAB12-PC149,LAB 12,Monitor (Brand-HP),N,2022,32156,High,8,31512,7,3215
LAB16-PC136,LAB 16,Keyboard (Brand-HP),N,2020,34556,Medium,5,16115,5,3455
LAB14-PC138,LAB 14,Monitor (Brand-HP),Y,2023,27010,Medium,5,7955,7,2701
LAB15-PC178,LAB 15,Keyboard (Brand-HP),Y,2022,33825,High,4,5772,5,3382
LAB13-PC169,LAB 13,Monitor (Brand-HP),Y,2022,34359,Medium,1,2981,7,3435
LAB10-PC170,LAB 10,Keyboard (Brand-HP),N,2019,34093,Medium,2,2140,5,3409
LAB16-PC137,LAB 16,Monitor (Brand-HP),N,2018,30404,Medium,8,31296,7,3040
LAB14-PC139,LAB 14,Keyboard (Brand-HP),Y,2021,32970,Low,1,3910,5,3297
LAB13-PC170,LAB 13,Monitor (Brand-HP),Y,2022,33683,Medium,4,9868,7,3368
LAB12-PC150,LAB 12,Keyboard (Brand-HP),N,2019,30664,High,4,9924,5,3066
LAB15-PC179,LAB 15,Monitor (Brand-HP),N,2018,30915,Low,4,13800,7,3091
LAB16-PC138,LAB 16,Monitor (Brand-HP),N,2018,31390,Low,2,5314,7,3139
LAB16-PC139,LAB 16,Keyboard (Brand-HP),N,2022,30637,Low,6,15438,5,3063
LAB16-PC140,LAB 16,Keyboard (Brand-HP),N,2018,32820,High,5,7225,5,3282
LAB14-PC140,LAB 14,Monitor (Brand-HP),Y,2021,34465,High,3,9744,7,3446
LAB15-PC180,LAB 15,Monitor (Brand-HP),Y,2022,27602,Medium,0,0,7,2760
LAB15-PC181,LAB 15,Keyboard (Brand-HP),N,2019,34887,Medium,2,7082,5,3488
LAB10-PC171,LAB 10,Monitor (Brand-HP),N,2018,34726,Low,1,1001,7,3472
LAB14-PC141,LAB 14,Keyboard (Brand-HP),Y,2023,30541,High,5,10240,5,3054
LAB13-PC171,LAB 13,Keyboard (Brand-HP),N,2022,34117,Low,6,14370,5,3411
LAB16-PC141,LAB 16,Monitor (Brand-HP),N,2022,32705,High,6,15696,7,3270
LAB13-PC172,LAB 13,Keyboard (Brand-HP),N,2018,34646,High,3,5118,5,3464
LAB10-PC172,LAB 10,Keyboard (Brand-HP),N,2018,27444,High,4,4768,5,2744
LAB10-PC173,LAB 10,Keyboard (Brand-HP),N,2019,27495,High,2,5112,5,2749
LAB12-PC151,LAB 12,Monitor (Brand-HP),N,2022,33786,High,8,18304,7,3378
LAB10-PC174,LAB 10,Keyboard (Brand-HP),N,2020,33269,Medium,1,3087,5,3326
LAB16-PC142,LAB 16,Monitor (Brand-HP),Y,2020,33634,Medium,1,2262,7,3363
LAB15-PC182,LAB 15,Monitor (Brand-HP),N,2022,32805,High,8,14856,7,3280
LAB10-PC175,LAB 10,Monitor (Brand-HP),Y,2021,29129,Medium,3,6876,7,2912
LAB14-PC142,LAB 14,Monitor (Brand-HP),Y,2021,29265,High,1,3386,7,2926
LAB13-PC173,LAB 13,Monitor (Brand-HP),N,2018,28499,Low,3,11052,7,2849
LAB16-PC143,LAB 16,Keyboard (Brand-HP),Y,2022,32945,High,4,8664,5,3294
LAB12-PC152,LAB 12,Monitor (Brand-HP),Y,2019,28306,Medium,0,0,7,2830
LAB14-PC143,LAB 14,Monitor (Brand-HP),Y,2023,34813,Medium,4,4308,7,3481
LAB10-PC176,LAB 10,Monitor (Brand-HP),Y,2020,34689,Medium,0,0,7,3468
LAB14-PC144,LAB 14,Keyboard (Brand-HP),N,2020,29372,Medium,6,17202,5,2937
LAB13-PC174,LAB 13,Keyboard (Brand-HP),Y,2023,27461,High,2,6052,5,2746
LAB13-PC175,LAB 13,Monitor (Brand-HP),Y,2022,30553,Medium,1,1830,7,3055
LAB13-PC176,LAB 13,Monitor (Brand-HP),Y,2019,33719,Medium,3,9522,7,3371
LAB14-PC145,LAB 14,Keyboard (Brand-HP),N,2020,28652,Medium,3,4536,5,2865
LAB12-PC153,LAB 12,Keyboard (Brand-HP),Y,2022,27255,High,3,7806,5,2725
LAB15-PC183,LAB 15,Monitor (Brand-HP),Y,2019,30373,Medium,3,9426,7,3037
LAB16-PC144,LAB 16,Keyboard (Brand-HP),Y,2022,27098,High,3,10005,5,2709
LAB13-PC177,LAB 13,Monitor (Brand-HP),N,2022,34398,High,8,28176,7,3439
LAB16-PC145,LAB 16,Monitor (Brand-HP),N,2018,27403,High,3,10197,7,2740
LAB16-PC146,LAB 16,Keyboard (Brand-HP),Y,2022,29185,High,2,3862,5,2918
LAB10-PC177,LAB 10,Monitor (Brand-HP),N,2023,28991,Medium,7,15827,7,2899
LAB14-PC146,LAB 14,Keyboard (Brand-HP),N,2020,32728,Medium,6,16566,5,3272
LAB12-PC154,LAB 12,Monitor (Brand-HP),Y,2021,30770,Medium,4,12552,7,3077
LAB10-PC178,LAB 10,Monitor (Brand-HP),Y,2022,34788,Medium,0,0,7,3478
LAB13-PC178,LAB 13,Keyboard (Brand-HP),N,2023,30433,High,7,18473,5,3043
LAB16-PC147,LAB 16,Keyboard (Brand-HP),N,2019,27526,High,4,13936,5,2752
LAB15-PC184,LAB 15,Monitor (Brand-HP),N,2023,33233,Medium,6,9204,7,3323
LAB14-PC147,LAB 14,Monitor (Brand-HP),Y,2020,33385,Medium,0,0,7,3338
LAB15-PC185,LAB 15,Keyboard (Brand-HP),N,2023,27724,High,7,22295,5,2772
LAB16-PC148,LAB 16,Keyboard (Brand-HP),Y,2022,29630,High,1,3162,5,2963
LAB14-PC148,LAB 14,Monitor (Brand-HP),N,2023,33770,Medium,6,17772,7,3377
LAB12-PC155,LAB 12,Keyboard (Brand-HP),N,2019,34131,High,3,3618,5,3413
LAB15-PC186,LAB 15,Monitor (Brand-HP),Y,2019,31642,Medium,0,0,7,3164
LAB14-PC149,LAB 14,Monitor (Brand-HP),Y,2022,33989,High,5,6445,7,3398
LAB13-PC179,LAB 13,Keyboard (Brand-HP),N,2018,32039,High,4,14096,5,3203
LAB13-PC180,LAB 13,Keyboard (Brand-HP),N,2022,32130,Low,6,21672,5,3213
LAB10-PC179,LAB 10,Keyboard (Brand-HP),Y,2022,31769,High,4,12672,5,3176
LAB16-PC149,LAB 16,Monitor (Brand-HP),Y,2021,30097,Medium,1,1085,7,3009
LAB14-PC150,LAB 14,Keyboard (Brand-HP),Y,2021,27137,Low,2,5650,5,2713
LAB12-PC156,LAB 12,Monitor (Brand-HP),N,2018,30804,High,2,7040,7,3080
